<?xml version="1.0"?>
<?xml-stylesheet type="text/xsl" href="configuration.xsl"?>
<configuration>
	<property>
		<name>fs.defaultFS</name>
		<value>hdfs://devCluster</value>
	</property>
	<property>
		<name>hadoop.tmp.dir</name>
		<value>/opt/bigdata-cluster/data/hadoop/tmp/hadoop-${user.name}</value>
	</property>
	<property>
		<name>fs.trash.interval</name>
		<value>1440</value>
	</property>
	<property>
		<name>ipc.server.listen.queue.size</name>
		<value>8192</value>
	</property>
	<property>
		<name>io.file.buffer.size</name>
		<value>131072</value>
	</property>
	<property>
		<name>dfs.ha.fencing.methods</name>
		<value>sshfence</value>
	</property>
	<property>
		<name>dfs.ha.fencing.ssh.private-key-files</name>
		<value>/home/hadoop/.ssh/id_rsa</value>
	</property>
	<property>
		<name>ha.zookeeper.quorum</name>
		<value>node-1:2181,node-2:2181,node-3:2181</value>
	</property>
	<property>
		<name>ha.zookeeper.parent-znode</name>
		<value>/hadoop-ha</value>
	</property>
	<property>
		<name>hadoop.proxyuser.hadoop.groups</name>
		<value>*</value>
	</property>
	<property>
		<name>hadoop.proxyuser.hadoop.hosts</name>
		<value>*</value>
	</property>
</configuration>