<?xml version="1.0"?>
<?xml-stylesheet type="text/xsl" href="configuration.xsl"?>
<configuration>
	<property>
		<name>dfs.nameservices</name>
		<value>ns1</value>
	</property>
	<property>
		<name>dfs.ha.namenodes.ns1</name>
		<value>nn1,nn2</value>
	</property>
	<property>
		<name>dfs.namenode.rpc-address.ns1.nn1</name>
		<value>node-1:9000</value>
	</property>
	<property>
		<name>dfs.namenode.rpc-address.ns1.nn2</name>
		<value>node-2:9000</value>
	</property>
	<property>
		<name>dfs.namenode.http-address.ns1.nn1</name>
		<value>node-1:50070</value>
	</property>
	<property>
		<name>dfs.namenode.http-address.ns1.nn2</name>
		<value>node-2:50070</value>
	</property>
	<property>
		<name>dfs.namenode.shared.edits.dir</name>
		<value>qjournal://node-1:8485;node-2:8485;node-3:8485/ns1</value>
	</property>
	<property>
		<name>dfs.ha.automatic-failover.enabled</name>
		<value>true</value>
	</property>
	<property>
		<name>dfs.client.failover.proxy.provider.ns1</name>
		<value>org.apache.hadoop.hdfs.server.namenode.ha.ConfiguredFailoverProxyProvider</value>
	</property>
	<property>
		<name>dfs.journalnode.edits.dir</name>
		<value>/opt/bigdata-cluster/data/hadoop/dfs/jn</value>
	</property>
	<property>
		<name>dfs.namenode.name.dir</name>
		<value>/opt/bigdata-cluster/data/hadoop/dfs/nn</value>
	</property>
	<property>
		<name>dfs.namenode.shared.edits.dir</name>
		<value>/opt/bigdata-cluster/data/hadoop/dfs/edits</value>
	</property>
	<property>
		<name>dfs.datanode.data.dir</name>
		<value>/opt/bigdata-cluster/data/hadoop/dfs/dn</value>
	</property>
	<property>
		<name>dfs.permissions.enabled</name>
		<value>false</value>
	</property>
	<property>
		<name>dfs.namenode.handler.count</name>
		<value>100</value>
	</property>
</configuration>