<?xml version="1.0"?>
<?xml-stylesheet type="text/xsl" href="configuration.xsl"?>
<configuration>
	<property>
		<name>javax.jdo.option.ConnectionURL</name>
		<value>jdbc:postgresql://node-5:5432/hive?createDatabaseIfNotExist=true</value>
	</property>
	<property>
		<name>javax.jdo.option.ConnectionDriverName</name>
		<value>org.postgresql.Driver</value>
	</property>
	<property>
		<name>javax.jdo.option.ConnectionUserName</name>
		<value>postgres</value>
	</property>
	<property>
		<name>javax.jdo.option.ConnectionPassword</name>
		<value>dtsw1234</value>
	</property>
	<property>
		<name>hive.metastore.schema.verification</name>
		<value>false</value>
	</property>
	<property>
		<name>hive.server2.thrift.port</name>
		<value>10000</value>
	</property>
	<property>
		<name>hive.server2.thrift.bind.host</name>
		<value>node-5</value>
	</property>
	<property>
		<name>hive.server2.long.polling.timeout</name>
		<value>5000</value>
	</property>
	<property>
		<name>hive.metastore.warehouse.dir</name>
		<value>hdfs://devCluster/user/hive/warehouse</value>
	</property>
	<property>
		<name>datanucleus.autoCreateTables</name>
		<value>true</value>
	</property>
	<property>
		<name>hive.cli.print.header</name>
		<value>true</value>
	</property>
	<property>
		<name>hive.cli.print.current.db</name>
		<value>true</value>
	</property>
	<property>
		<name>hive.metastore.uris</name>
		<value>thrift://node-5:9083</value>
	</property>
</configuration>