<?xml version="1.0"?>
<?xml-stylesheet type="text/xsl" href="configuration.xsl"?>
<configuration>
	<property>
		<name>mapreduce.framework.name</name>
		<value>yarn</value>
	</property>
	<property>
		<name>mapreduce.jobhistory.address</name>
		<value>node-1:10020</value>
	</property>
	<property>
		<name>mapreduce.jobhistory.webapp.address</name>
		<value>node-1:19888</value>
	</property>
	<property>
		<name>yarn.app.mapreduce.am.staging-dir</name>
		<value>/history/hadoop-yarn/staging</value>
	</property>
	<property>
		<name>mapreduce.jobhistory.intermediate-done-dir</name>
		<value>${yarn.app.mapreduce.am.staging-dir}/history/done_intermediate</value>
	</property>
	<property>
		<name>mapreduce.jobhistory.done-dir</name>
		<value>${yarn.app.mapreduce.am.staging-dir}/history/done</value>
	</property>
</configuration>