<?xml version="1.0"?>
<?xml-stylesheet type="text/xsl" href="configuration.xsl"?>
<configuration>
	<property>
		<name>yarn.nodemanager.aux-services</name>
		<value>mapreduce_shuffle</value>
	</property>
	<property>
		<name>yarn.log-aggregation-enable</name>
		<value>true</value>
	</property>
	<property>
		<name>yarn.log-aggregation.retain-seconds</name>
		<value>2592000</value>
	</property>
	<property>
		<name>yarn.log-aggregation.retain-check-interval-seconds</name>
		<value>-1</value>
	</property>
	<property>
		<name>yarn.nodemanager.remote-app-log-dir</name>
		<value>/history/logs</value>
	</property>
	<property>
		<name>yarn.nodemanager.remote-app-log-dir-suffix</name>
		<value>logs</value>
	</property>
	<property>
		<name>yarn.log.server.url</name>
		<value>http://node-1:19888/jobhistory/logs</value>
	</property>
	<property>
		<name>yarn.resourcemanager.recovery.enabled</name>
		<value>true</value>
	</property>
	<property>
		<name>yarn.scheduler.maximum-allocation-mb</name>
		<value>‭16384‬</value>
	</property>
	<property>
		<name>yarn.scheduler.minimum-allocation-mb</name>
		<value>2048</value>
	</property>
	<property>
		<name>yarn.nodemanager.resource.memory-mb</name>
		<value>40960</value>
	</property>
	<property>
		<name>yarn.scheduler.maximum-allocation-vcore</name>
		<value>2</value>
	</property>
	<property>
		<name>yarn.scheduler.minimum-allocation-vcore</name>
		<value>1</value>
	</property>
	<property>
		<name>yarn.nodemanager.resource.cpu-vcores</name>
		<value>8</value>
	</property>
	<property>
		<name>yarn.resourcemanager.ha.enabled</name>
		<value>true</value>
	</property>
	<property>
		<name>yarn.resourcemanager.ha.automatic-failover.enabled</name>
		<value>true</value>
	</property>
	<property>
		<name>yarn.resourcemanager.recovery.enabled</name>
		<value>true</value>
	</property>
	<property>
		<name>yarn.resourcemanager.cluster-id</name>
		<value>yarn-ha</value>
	</property>
	<property>
		<name>yarn.resourcemanager.ha.rm-ids</name>
		<value>rm1,rm2</value>
	</property>
	<property>
		<name>yarn.resourcemanager.hostname.rm1</name>
		<value>node-1</value>
	</property>
	<property>
		<name>yarn.resourcemanager.hostname.rm2</name>
		<value>node-5</value>
	</property>
	<property>
		<name>yarn.resourcemanager.zk-address</name>
		<value>node-1:2181,node-2:2181,node-3:2181</value>
	</property>
	<property>
		<name>yarn.resourcemanager.store.class</name>
		<value>org.apache.hadoop.yarn.server.resourcemanager.recovery.ZKRMStateStore</value>
	</property>
	<property>
		<name>yarn.resourcemanager.scheduler.class</name>
		<value>org.apache.hadoop.yarn.server.resourcemanager.scheduler.fair.FairScheduler</value>
	</property>
	<property>
		<name>yarn.scheduler.fair.allocation.file</name>
		<value>/opt/bigdata-cluster/modules/hadoop-2.7.2/etc/hadoop/fair-scheduler.xml</value>
	</property>
	<property>
		<name>yarn.scheduler.fair.preemption</name>
		<value>true</value>
	</property>
	<property>
		<name>yarn.scheduler.fair.user-as-default-queue</name>
		<value>false</value>
	</property>
	<property>
		<name>yarn.scheduler.fair.allow-undeclared-pools</name>
		<value>false</value>
	</property>
</configuration>