<?xml version="1.0"?>
<configuration>
	<property>
		<name>yarn.nodemanager.aux-services</name>
		<value>mapreduce_shuffle</value>
	</property>
	<property>
		<name>yarn.resourcemanager.hostname</name>
		<value>node-4</value>
	</property>
	<property>
		<name>yarn.log-aggregation-enable</name>
		<value>true</value>
	</property>
	<property>
		<name>yarn.log-aggregation.retain-seconds</name>
		<value>2592000</value>
	</property>
	<property>
		<name>yarn.log-aggregation.retain-check-interval-seconds</name>
		<value>-1</value>
	</property>
	<property>
		<name>yarn.nodemanager.remote-app-log-dir</name>
		<value>/history/logs</value>
	</property>
	<property>
		<name>yarn.nodemanager.remote-app-log-dir-suffix</name>
		<value>logs</value>
	</property>
	<property>
		<name>yarn.log.server.url</name>
		<value>http://node-1:19888/jobhistory/logs</value>
	</property>
	<property>
		<name>yarn.resourcemanager.recovery.enabled</name>
		<value>true</value>
	</property>
	<property>
		<name>yarn.scheduler.maximum-allocation-mb</name>
		<value>‭16384‬</value>
	</property>
	<property>
		<name>yarn.scheduler.minimum-allocation-mb</name>
		<value>2048</value>
	</property>
	<property>
		<name>yarn.nodemanager.resource.memory-mb</name>
		<value>40960</value>
	</property>
	<property>
		<name>yarn.scheduler.maximum-allocation-vcore</name>
		<value>2</value>
	</property>
	<property>
		<name>yarn.scheduler.minimum-allocation-vcore</name>
		<value>1</value>
	</property>
	<property>
		<name>yarn.nodemanager.resource.cpu-vcores</name>
		<value>8</value>
	</property>
</configuration>