{
"servers" : [{
"host" : "172.18.2.11",
"port" : "40004",
"queries" : [{
"obj" : "Hadoop:service=DataNode,name=DataNodeActivity-node-2-50010",
"attr" : ["BytesWritten","TotalWriteTime","BytesRead","TotalReadTime","BlocksWritten","BlocksRead","BlocksReplicated","BlocksRemoved","BlocksVerified","BlockVerificationFailures","BlocksCached","BlocksUncached","ReadsFromLocalClient","ReadsFromRemoteClient","WritesFromLocalClient","WritesFromRemoteClient","BlocksGetLocalPathInfo","RemoteBytesRead","RemoteBytesWritten","RamDiskBlocksWrite","RamDiskBlocksWriteFallback","RamDiskBytesWrite","RamDiskBlocksReadHits","RamDiskBlocksEvicted","RamDiskBlocksEvictedWithoutRead","RamDiskBlocksEvictionWindowMsNumOps","RamDiskBlocksEvictionWindowMsAvgTime","RamDiskBlocksLazyPersisted","RamDiskBlocksDeletedBeforeLazyPersisted","RamDiskBytesLazyPersisted","RamDiskBlocksLazyPersistWindowMsNumOps","RamDiskBlocksLazyPersistWindowMsAvgTime","FsyncCount","VolumeFailures","DatanodeNetworkErrors","ReadBlockOpNumOps","ReadBlockOpAvgTime","WriteBlockOpNumOps","WriteBlockOpAvgTime","BlockChecksumOpNumOps","BlockChecksumOpAvgTime","CopyBlockOpNumOps","CopyBlockOpAvgTime","ReplaceBlockOpNumOps","ReplaceBlockOpAvgTime","HeartbeatsNumOps","HeartbeatsAvgTime","BlockReportsNumOps","BlockReportsAvgTime","IncrementalBlockReportsNumOps","IncrementalBlockReportsAvgTime","CacheReportsNumOps","CacheReportsAvgTime","PacketAckRoundTripTimeNanosNumOps","PacketAckRoundTripTimeNanosAvgTime","FlushNanosNumOps","FlushNanosAvgTime","FsyncNanosNumOps","FsyncNanosAvgTime","SendDataPacketBlockedOnNetworkNanosNumOps","SendDataPacketBlockedOnNetworkNanosAvgTime","SendDataPacketTransferNanosNumOps","SendDataPacketTransferNanosAvgTime"],
"resultAlias" : "DataNode_DataNodeActivity",
"outputWriters" : [{
"@class" : "com.googlecode.jmxtrans.model.output.InfluxDbWriterFactory",
"url" : "http://172.18.2.29:8086/",
"username" : "root",
"password" : "root123",
"database" : "zkJmx"
}
]
}
, {
"obj" : "Hadoop:service=DataNode,name=JvmMetrics",
"attr" : ["MemNonHeapUsedM","MemNonHeapCommittedM","MemNonHeapMaxM","MemHeapUsedM","MemHeapCommittedM","MemHeapMaxM","MemMaxM","GcCountPS Scavenge","GcTimeMillisPS Scavenge","GcCountPS MarkSweep","GcTimeMillisPS MarkSweep","GcCount","GcTimeMillis","GcNumWarnThresholdExceeded","GcNumInfoThresholdExceeded","GcTotalExtraSleepTime","ThreadsNew","ThreadsRunnable","ThreadsBlocked","ThreadsWaiting","ThreadsTimedWaiting","ThreadsTerminated","LogFatal","LogError","LogWarn","LogInfo"],
"resultAlias" : "DataNode_JvmMetrics",
"outputWriters" : [{
"@class" : "com.googlecode.jmxtrans.model.output.InfluxDbWriterFactory",
"url" : "http://172.18.2.29:8086/",
"username" : "root",
"password" : "root123",
"database" : "zkJmx"
}
]
}
, {
"obj" : "Hadoop:service=DataNode,name=MetricsSystem,sub=Stats",
"attr" : ["NumActiveSources","NumAllSources","NumActiveSinks","NumAllSinks","SnapshotNumOps","SnapshotAvgTime","PublishNumOps","PublishAvgTime","DroppedPubAll"],
"resultAlias" : "DataNode_MetricsSystem_Stats",
"outputWriters" : [{
"@class" : "com.googlecode.jmxtrans.model.output.InfluxDbWriterFactory",
"url" : "http://172.18.2.29:8086/",
"username" : "root",
"password" : "root123",
"database" : "zkJmx"
}
]
}
, {
"obj" : "Hadoop:service=DataNode,name=DataNodeInfo",
"attr" : ["Version","XceiverCount","DatanodeNetworkCounts","RpcPort","HttpPort","NamenodeAddresses","VolumeInfo","ClusterId"],
"resultAlias" : "DataNode_DataNodeInfo",
"outputWriters" : [{
"@class" : "com.googlecode.jmxtrans.model.output.InfluxDbWriterFactory",
"url" : "http://172.18.2.29:8086/",
"username" : "root",
"password" : "root123",
"database" : "zkJmx"
}
]
}
, {
"obj" : "Hadoop:service=DataNode,name=FSDatasetState-null",
"attr" : ["Remaining","StorageInfo","Capacity","DfsUsed","CacheCapacity","CacheUsed","NumFailedVolumes","FailedStorageLocations","LastVolumeFailureDate","EstimatedCapacityLostTotal","NumBlocksCached","NumBlocksFailedToCache","NumBlocksFailedToUncache"],
"resultAlias" : "DataNode_FSDatasetState",
"outputWriters" : [{
"@class" : "com.googlecode.jmxtrans.model.output.InfluxDbWriterFactory",
"url" : "http://172.18.2.29:8086/",
"username" : "root",
"password" : "root123",
"database" : "zkJmx"
}
]
}
, {
"obj" : "Hadoop:service=DataNode,name=UgiMetrics",
"attr" : ["LoginSuccessNumOps","LoginSuccessAvgTime","LoginFailureNumOps","LoginFailureAvgTime","GetGroupsNumOps","GetGroupsAvgTime"],
"resultAlias" : "DataNode_UgiMetrics",
"outputWriters" : [{
"@class" : "com.googlecode.jmxtrans.model.output.InfluxDbWriterFactory",
"url" : "http://172.18.2.29:8086/",
"username" : "root",
"password" : "root123",
"database" : "zkJmx"
}
]
}
, {
"obj" : "Hadoop:service=DataNode,name=RpcActivityForPort50020",
"attr" : ["ReceivedBytes","SentBytes","RpcQueueTimeNumOps","RpcQueueTimeAvgTime","RpcProcessingTimeNumOps","RpcProcessingTimeAvgTime","RpcAuthenticationFailures","RpcAuthenticationSuccesses","RpcAuthorizationFailures","RpcAuthorizationSuccesses","NumOpenConnections","CallQueueLength"],
"resultAlias" : "DataNode_RpcActivityForPort50020",
"outputWriters" : [{
"@class" : "com.googlecode.jmxtrans.model.output.InfluxDbWriterFactory",
"url" : "http://172.18.2.29:8086/",
"username" : "root",
"password" : "root123",
"database" : "zkJmx"
}
]
}
]
}
, {
"host" : "172.18.2.37",
"port" : "40004",
"queries" : [{
"obj" : "Hadoop:service=DataNode,name=JvmMetrics",
"attr" : ["MemNonHeapUsedM","MemNonHeapCommittedM","MemNonHeapMaxM","MemHeapUsedM","MemHeapCommittedM","MemHeapMaxM","MemMaxM","GcCountPS Scavenge","GcTimeMillisPS Scavenge","GcCountPS MarkSweep","GcTimeMillisPS MarkSweep","GcCount","GcTimeMillis","GcNumWarnThresholdExceeded","GcNumInfoThresholdExceeded","GcTotalExtraSleepTime","ThreadsNew","ThreadsRunnable","ThreadsBlocked","ThreadsWaiting","ThreadsTimedWaiting","ThreadsTerminated","LogFatal","LogError","LogWarn","LogInfo"],
"resultAlias" : "DataNode_JvmMetrics",
"outputWriters" : [{
"@class" : "com.googlecode.jmxtrans.model.output.InfluxDbWriterFactory",
"url" : "http://172.18.2.29:8086/",
"username" : "root",
"password" : "root123",
"database" : "zkJmx"
}
]
}
, {
"obj" : "Hadoop:service=DataNode,name=MetricsSystem,sub=Stats",
"attr" : ["NumActiveSources","NumAllSources","NumActiveSinks","NumAllSinks","SnapshotNumOps","SnapshotAvgTime","PublishNumOps","PublishAvgTime","DroppedPubAll"],
"resultAlias" : "DataNode_MetricsSystem_Stats",
"outputWriters" : [{
"@class" : "com.googlecode.jmxtrans.model.output.InfluxDbWriterFactory",
"url" : "http://172.18.2.29:8086/",
"username" : "root",
"password" : "root123",
"database" : "zkJmx"
}
]
}
, {
"obj" : "Hadoop:service=DataNode,name=DataNodeActivity-node-3-50010",
"attr" : ["BytesWritten","TotalWriteTime","BytesRead","TotalReadTime","BlocksWritten","BlocksRead","BlocksReplicated","BlocksRemoved","BlocksVerified","BlockVerificationFailures","BlocksCached","BlocksUncached","ReadsFromLocalClient","ReadsFromRemoteClient","WritesFromLocalClient","WritesFromRemoteClient","BlocksGetLocalPathInfo","RemoteBytesRead","RemoteBytesWritten","RamDiskBlocksWrite","RamDiskBlocksWriteFallback","RamDiskBytesWrite","RamDiskBlocksReadHits","RamDiskBlocksEvicted","RamDiskBlocksEvictedWithoutRead","RamDiskBlocksEvictionWindowMsNumOps","RamDiskBlocksEvictionWindowMsAvgTime","RamDiskBlocksLazyPersisted","RamDiskBlocksDeletedBeforeLazyPersisted","RamDiskBytesLazyPersisted","RamDiskBlocksLazyPersistWindowMsNumOps","RamDiskBlocksLazyPersistWindowMsAvgTime","FsyncCount","VolumeFailures","DatanodeNetworkErrors","ReadBlockOpNumOps","ReadBlockOpAvgTime","WriteBlockOpNumOps","WriteBlockOpAvgTime","BlockChecksumOpNumOps","BlockChecksumOpAvgTime","CopyBlockOpNumOps","CopyBlockOpAvgTime","ReplaceBlockOpNumOps","ReplaceBlockOpAvgTime","HeartbeatsNumOps","HeartbeatsAvgTime","BlockReportsNumOps","BlockReportsAvgTime","IncrementalBlockReportsNumOps","IncrementalBlockReportsAvgTime","CacheReportsNumOps","CacheReportsAvgTime","PacketAckRoundTripTimeNanosNumOps","PacketAckRoundTripTimeNanosAvgTime","FlushNanosNumOps","FlushNanosAvgTime","FsyncNanosNumOps","FsyncNanosAvgTime","SendDataPacketBlockedOnNetworkNanosNumOps","SendDataPacketBlockedOnNetworkNanosAvgTime","SendDataPacketTransferNanosNumOps","SendDataPacketTransferNanosAvgTime"],
"resultAlias" : "DataNode_DataNodeActivity",
"outputWriters" : [{
"@class" : "com.googlecode.jmxtrans.model.output.InfluxDbWriterFactory",
"url" : "http://172.18.2.29:8086/",
"username" : "root",
"password" : "root123",
"database" : "zkJmx"
}
]
}
, {
"obj" : "Hadoop:service=DataNode,name=DataNodeInfo",
"attr" : ["Version","XceiverCount","DatanodeNetworkCounts","RpcPort","HttpPort","NamenodeAddresses","VolumeInfo","ClusterId"],
"resultAlias" : "DataNode_DataNodeInfo",
"outputWriters" : [{
"@class" : "com.googlecode.jmxtrans.model.output.InfluxDbWriterFactory",
"url" : "http://172.18.2.29:8086/",
"username" : "root",
"password" : "root123",
"database" : "zkJmx"
}
]
}
, {
"obj" : "Hadoop:service=DataNode,name=FSDatasetState-null",
"attr" : ["Remaining","StorageInfo","Capacity","DfsUsed","CacheCapacity","CacheUsed","NumFailedVolumes","FailedStorageLocations","LastVolumeFailureDate","EstimatedCapacityLostTotal","NumBlocksCached","NumBlocksFailedToCache","NumBlocksFailedToUncache"],
"resultAlias" : "DataNode_FSDatasetState",
"outputWriters" : [{
"@class" : "com.googlecode.jmxtrans.model.output.InfluxDbWriterFactory",
"url" : "http://172.18.2.29:8086/",
"username" : "root",
"password" : "root123",
"database" : "zkJmx"
}
]
}
, {
"obj" : "Hadoop:service=DataNode,name=UgiMetrics",
"attr" : ["LoginSuccessNumOps","LoginSuccessAvgTime","LoginFailureNumOps","LoginFailureAvgTime","GetGroupsNumOps","GetGroupsAvgTime"],
"resultAlias" : "DataNode_UgiMetrics",
"outputWriters" : [{
"@class" : "com.googlecode.jmxtrans.model.output.InfluxDbWriterFactory",
"url" : "http://172.18.2.29:8086/",
"username" : "root",
"password" : "root123",
"database" : "zkJmx"
}
]
}
, {
"obj" : "Hadoop:service=DataNode,name=RpcActivityForPort50020",
"attr" : ["ReceivedBytes","SentBytes","RpcQueueTimeNumOps","RpcQueueTimeAvgTime","RpcProcessingTimeNumOps","RpcProcessingTimeAvgTime","RpcAuthenticationFailures","RpcAuthenticationSuccesses","RpcAuthorizationFailures","RpcAuthorizationSuccesses","NumOpenConnections","CallQueueLength"],
"resultAlias" : "DataNode_RpcActivityForPort50020",
"outputWriters" : [{
"@class" : "com.googlecode.jmxtrans.model.output.InfluxDbWriterFactory",
"url" : "http://172.18.2.29:8086/",
"username" : "root",
"password" : "root123",
"database" : "zkJmx"
}
]
}
]
}
, {
"host" : "172.18.2.19",
"port" : "40004",
"queries" : [{
"obj" : "Hadoop:service=DataNode,name=JvmMetrics",
"attr" : ["MemNonHeapUsedM","MemNonHeapCommittedM","MemNonHeapMaxM","MemHeapUsedM","MemHeapCommittedM","MemHeapMaxM","MemMaxM","GcCountPS Scavenge","GcTimeMillisPS Scavenge","GcCountPS MarkSweep","GcTimeMillisPS MarkSweep","GcCount","GcTimeMillis","GcNumWarnThresholdExceeded","GcNumInfoThresholdExceeded","GcTotalExtraSleepTime","ThreadsNew","ThreadsRunnable","ThreadsBlocked","ThreadsWaiting","ThreadsTimedWaiting","ThreadsTerminated","LogFatal","LogError","LogWarn","LogInfo"],
"resultAlias" : "DataNode_JvmMetrics",
"outputWriters" : [{
"@class" : "com.googlecode.jmxtrans.model.output.InfluxDbWriterFactory",
"url" : "http://172.18.2.29:8086/",
"username" : "root",
"password" : "root123",
"database" : "zkJmx"
}
]
}
, {
"obj" : "Hadoop:service=DataNode,name=MetricsSystem,sub=Stats",
"attr" : ["NumActiveSources","NumAllSources","NumActiveSinks","NumAllSinks","SnapshotNumOps","SnapshotAvgTime","PublishNumOps","PublishAvgTime","DroppedPubAll"],
"resultAlias" : "DataNode_MetricsSystem_Stats",
"outputWriters" : [{
"@class" : "com.googlecode.jmxtrans.model.output.InfluxDbWriterFactory",
"url" : "http://172.18.2.29:8086/",
"username" : "root",
"password" : "root123",
"database" : "zkJmx"
}
]
}
, {
"obj" : "Hadoop:service=DataNode,name=DataNodeInfo",
"attr" : ["Version","XceiverCount","DatanodeNetworkCounts","RpcPort","HttpPort","NamenodeAddresses","VolumeInfo","ClusterId"],
"resultAlias" : "DataNode_DataNodeInfo",
"outputWriters" : [{
"@class" : "com.googlecode.jmxtrans.model.output.InfluxDbWriterFactory",
"url" : "http://172.18.2.29:8086/",
"username" : "root",
"password" : "root123",
"database" : "zkJmx"
}
]
}
, {
"obj" : "Hadoop:service=DataNode,name=FSDatasetState-null",
"attr" : ["Remaining","StorageInfo","Capacity","DfsUsed","CacheCapacity","CacheUsed","NumFailedVolumes","FailedStorageLocations","LastVolumeFailureDate","EstimatedCapacityLostTotal","NumBlocksCached","NumBlocksFailedToCache","NumBlocksFailedToUncache"],
"resultAlias" : "DataNode_FSDatasetState",
"outputWriters" : [{
"@class" : "com.googlecode.jmxtrans.model.output.InfluxDbWriterFactory",
"url" : "http://172.18.2.29:8086/",
"username" : "root",
"password" : "root123",
"database" : "zkJmx"
}
]
}
, {
"obj" : "Hadoop:service=DataNode,name=UgiMetrics",
"attr" : ["LoginSuccessNumOps","LoginSuccessAvgTime","LoginFailureNumOps","LoginFailureAvgTime","GetGroupsNumOps","GetGroupsAvgTime"],
"resultAlias" : "DataNode_UgiMetrics",
"outputWriters" : [{
"@class" : "com.googlecode.jmxtrans.model.output.InfluxDbWriterFactory",
"url" : "http://172.18.2.29:8086/",
"username" : "root",
"password" : "root123",
"database" : "zkJmx"
}
]
}
, {
"obj" : "Hadoop:service=DataNode,name=RpcActivityForPort50020",
"attr" : ["ReceivedBytes","SentBytes","RpcQueueTimeNumOps","RpcQueueTimeAvgTime","RpcProcessingTimeNumOps","RpcProcessingTimeAvgTime","RpcAuthenticationFailures","RpcAuthenticationSuccesses","RpcAuthorizationFailures","RpcAuthorizationSuccesses","NumOpenConnections","CallQueueLength"],
"resultAlias" : "DataNode_RpcActivityForPort50020",
"outputWriters" : [{
"@class" : "com.googlecode.jmxtrans.model.output.InfluxDbWriterFactory",
"url" : "http://172.18.2.29:8086/",
"username" : "root",
"password" : "root123",
"database" : "zkJmx"
}
]
}
, {
"obj" : "Hadoop:service=DataNode,name=DataNodeActivity-node-4-50010",
"attr" : ["BytesWritten","TotalWriteTime","BytesRead","TotalReadTime","BlocksWritten","BlocksRead","BlocksReplicated","BlocksRemoved","BlocksVerified","BlockVerificationFailures","BlocksCached","BlocksUncached","ReadsFromLocalClient","ReadsFromRemoteClient","WritesFromLocalClient","WritesFromRemoteClient","BlocksGetLocalPathInfo","RemoteBytesRead","RemoteBytesWritten","RamDiskBlocksWrite","RamDiskBlocksWriteFallback","RamDiskBytesWrite","RamDiskBlocksReadHits","RamDiskBlocksEvicted","RamDiskBlocksEvictedWithoutRead","RamDiskBlocksEvictionWindowMsNumOps","RamDiskBlocksEvictionWindowMsAvgTime","RamDiskBlocksLazyPersisted","RamDiskBlocksDeletedBeforeLazyPersisted","RamDiskBytesLazyPersisted","RamDiskBlocksLazyPersistWindowMsNumOps","RamDiskBlocksLazyPersistWindowMsAvgTime","FsyncCount","VolumeFailures","DatanodeNetworkErrors","ReadBlockOpNumOps","ReadBlockOpAvgTime","WriteBlockOpNumOps","WriteBlockOpAvgTime","BlockChecksumOpNumOps","BlockChecksumOpAvgTime","CopyBlockOpNumOps","CopyBlockOpAvgTime","ReplaceBlockOpNumOps","ReplaceBlockOpAvgTime","HeartbeatsNumOps","HeartbeatsAvgTime","BlockReportsNumOps","BlockReportsAvgTime","IncrementalBlockReportsNumOps","IncrementalBlockReportsAvgTime","CacheReportsNumOps","CacheReportsAvgTime","PacketAckRoundTripTimeNanosNumOps","PacketAckRoundTripTimeNanosAvgTime","FlushNanosNumOps","FlushNanosAvgTime","FsyncNanosNumOps","FsyncNanosAvgTime","SendDataPacketBlockedOnNetworkNanosNumOps","SendDataPacketBlockedOnNetworkNanosAvgTime","SendDataPacketTransferNanosNumOps","SendDataPacketTransferNanosAvgTime"],
"resultAlias" : "DataNode_DataNodeActivity",
"outputWriters" : [{
"@class" : "com.googlecode.jmxtrans.model.output.InfluxDbWriterFactory",
"url" : "http://172.18.2.29:8086/",
"username" : "root",
"password" : "root123",
"database" : "zkJmx"
}
]
}
]
}
, {
"host" : "172.18.2.10",
"port" : "40004",
"queries" : [{
"obj" : "Hadoop:service=DataNode,name=JvmMetrics",
"attr" : ["MemNonHeapUsedM","MemNonHeapCommittedM","MemNonHeapMaxM","MemHeapUsedM","MemHeapCommittedM","MemHeapMaxM","MemMaxM","GcCountPS Scavenge","GcTimeMillisPS Scavenge","GcCountPS MarkSweep","GcTimeMillisPS MarkSweep","GcCount","GcTimeMillis","GcNumWarnThresholdExceeded","GcNumInfoThresholdExceeded","GcTotalExtraSleepTime","ThreadsNew","ThreadsRunnable","ThreadsBlocked","ThreadsWaiting","ThreadsTimedWaiting","ThreadsTerminated","LogFatal","LogError","LogWarn","LogInfo"],
"resultAlias" : "DataNode_JvmMetrics",
"outputWriters" : [{
"@class" : "com.googlecode.jmxtrans.model.output.InfluxDbWriterFactory",
"url" : "http://172.18.2.29:8086/",
"username" : "root",
"password" : "root123",
"database" : "zkJmx"
}
]
}
, {
"obj" : "Hadoop:service=DataNode,name=DataNodeActivity-node-5-50010",
"attr" : ["BytesWritten","TotalWriteTime","BytesRead","TotalReadTime","BlocksWritten","BlocksRead","BlocksReplicated","BlocksRemoved","BlocksVerified","BlockVerificationFailures","BlocksCached","BlocksUncached","ReadsFromLocalClient","ReadsFromRemoteClient","WritesFromLocalClient","WritesFromRemoteClient","BlocksGetLocalPathInfo","RemoteBytesRead","RemoteBytesWritten","RamDiskBlocksWrite","RamDiskBlocksWriteFallback","RamDiskBytesWrite","RamDiskBlocksReadHits","RamDiskBlocksEvicted","RamDiskBlocksEvictedWithoutRead","RamDiskBlocksEvictionWindowMsNumOps","RamDiskBlocksEvictionWindowMsAvgTime","RamDiskBlocksLazyPersisted","RamDiskBlocksDeletedBeforeLazyPersisted","RamDiskBytesLazyPersisted","RamDiskBlocksLazyPersistWindowMsNumOps","RamDiskBlocksLazyPersistWindowMsAvgTime","FsyncCount","VolumeFailures","DatanodeNetworkErrors","ReadBlockOpNumOps","ReadBlockOpAvgTime","WriteBlockOpNumOps","WriteBlockOpAvgTime","BlockChecksumOpNumOps","BlockChecksumOpAvgTime","CopyBlockOpNumOps","CopyBlockOpAvgTime","ReplaceBlockOpNumOps","ReplaceBlockOpAvgTime","HeartbeatsNumOps","HeartbeatsAvgTime","BlockReportsNumOps","BlockReportsAvgTime","IncrementalBlockReportsNumOps","IncrementalBlockReportsAvgTime","CacheReportsNumOps","CacheReportsAvgTime","PacketAckRoundTripTimeNanosNumOps","PacketAckRoundTripTimeNanosAvgTime","FlushNanosNumOps","FlushNanosAvgTime","FsyncNanosNumOps","FsyncNanosAvgTime","SendDataPacketBlockedOnNetworkNanosNumOps","SendDataPacketBlockedOnNetworkNanosAvgTime","SendDataPacketTransferNanosNumOps","SendDataPacketTransferNanosAvgTime"],
"resultAlias" : "DataNode_DataNodeActivity",
"outputWriters" : [{
"@class" : "com.googlecode.jmxtrans.model.output.InfluxDbWriterFactory",
"url" : "http://172.18.2.29:8086/",
"username" : "root",
"password" : "root123",
"database" : "zkJmx"
}
]
}
, {
"obj" : "Hadoop:service=DataNode,name=MetricsSystem,sub=Stats",
"attr" : ["NumActiveSources","NumAllSources","NumActiveSinks","NumAllSinks","SnapshotNumOps","SnapshotAvgTime","PublishNumOps","PublishAvgTime","DroppedPubAll"],
"resultAlias" : "DataNode_MetricsSystem_Stats",
"outputWriters" : [{
"@class" : "com.googlecode.jmxtrans.model.output.InfluxDbWriterFactory",
"url" : "http://172.18.2.29:8086/",
"username" : "root",
"password" : "root123",
"database" : "zkJmx"
}
]
}
, {
"obj" : "Hadoop:service=DataNode,name=DataNodeInfo",
"attr" : ["Version","XceiverCount","DatanodeNetworkCounts","RpcPort","HttpPort","NamenodeAddresses","VolumeInfo","ClusterId"],
"resultAlias" : "DataNode_DataNodeInfo",
"outputWriters" : [{
"@class" : "com.googlecode.jmxtrans.model.output.InfluxDbWriterFactory",
"url" : "http://172.18.2.29:8086/",
"username" : "root",
"password" : "root123",
"database" : "zkJmx"
}
]
}
, {
"obj" : "Hadoop:service=DataNode,name=FSDatasetState-null",
"attr" : ["Remaining","StorageInfo","Capacity","DfsUsed","CacheCapacity","CacheUsed","NumFailedVolumes","FailedStorageLocations","LastVolumeFailureDate","EstimatedCapacityLostTotal","NumBlocksCached","NumBlocksFailedToCache","NumBlocksFailedToUncache"],
"resultAlias" : "DataNode_FSDatasetState",
"outputWriters" : [{
"@class" : "com.googlecode.jmxtrans.model.output.InfluxDbWriterFactory",
"url" : "http://172.18.2.29:8086/",
"username" : "root",
"password" : "root123",
"database" : "zkJmx"
}
]
}
, {
"obj" : "Hadoop:service=DataNode,name=UgiMetrics",
"attr" : ["LoginSuccessNumOps","LoginSuccessAvgTime","LoginFailureNumOps","LoginFailureAvgTime","GetGroupsNumOps","GetGroupsAvgTime"],
"resultAlias" : "DataNode_UgiMetrics",
"outputWriters" : [{
"@class" : "com.googlecode.jmxtrans.model.output.InfluxDbWriterFactory",
"url" : "http://172.18.2.29:8086/",
"username" : "root",
"password" : "root123",
"database" : "zkJmx"
}
]
}
, {
"obj" : "Hadoop:service=DataNode,name=RpcActivityForPort50020",
"attr" : ["ReceivedBytes","SentBytes","RpcQueueTimeNumOps","RpcQueueTimeAvgTime","RpcProcessingTimeNumOps","RpcProcessingTimeAvgTime","RpcAuthenticationFailures","RpcAuthenticationSuccesses","RpcAuthorizationFailures","RpcAuthorizationSuccesses","NumOpenConnections","CallQueueLength"],
"resultAlias" : "DataNode_RpcActivityForPort50020",
"outputWriters" : [{
"@class" : "com.googlecode.jmxtrans.model.output.InfluxDbWriterFactory",
"url" : "http://172.18.2.29:8086/",
"username" : "root",
"password" : "root123",
"database" : "zkJmx"
}
]
}
]
}
]
}
