{
"servers" : [{
"host" : "172.18.2.19",
"port" : "40007",
"queries" : [{
"obj" : "Hadoop:service=ResourceManager,name=RpcActivityForPort8031",
"attr" : ["ReceivedBytes","SentBytes","RpcQueueTimeNumOps","RpcQueueTimeAvgTime","RpcProcessingTimeNumOps","RpcProcessingTimeAvgTime","RpcAuthenticationFailures","RpcAuthenticationSuccesses","RpcAuthorizationFailures","RpcAuthorizationSuccesses","NumOpenConnections","CallQueueLength"],
"resultAlias" : "ResourceManager_RpcActivityForPort8031",
"outputWriters" : [{
"@class" : "com.googlecode.jmxtrans.model.output.InfluxDbWriterFactory",
"url" : "http://172.18.2.29:8086/",
"username" : "root",
"password" : "root123",
"database" : "yarnJmx"
}
]
}
, {
"obj" : "Hadoop:service=ResourceManager,name=RpcDetailedActivityForPort8032",
"attr" : ["GetNewApplicationNumOps","GetNewApplicationAvgTime","SubmitApplicationNumOps","SubmitApplicationAvgTime","GetApplicationReportNumOps","GetApplicationReportAvgTime","GetClusterMetricsNumOps","GetClusterMetricsAvgTime"],
"resultAlias" : "ResourceManager_RpcDetailedActivityForPort8032",
"outputWriters" : [{
"@class" : "com.googlecode.jmxtrans.model.output.InfluxDbWriterFactory",
"url" : "http://172.18.2.29:8086/",
"username" : "root",
"password" : "root123",
"database" : "yarnJmx"
}
]
}
, {
"obj" : "Hadoop:service=ResourceManager,name=MetricsSystem,sub=Stats",
"attr" : ["NumActiveSources","NumAllSources","NumActiveSinks","NumAllSinks","SnapshotNumOps","SnapshotAvgTime","PublishNumOps","PublishAvgTime","DroppedPubAll"],
"resultAlias" : "ResourceManager_MetricsSystem_Stats",
"outputWriters" : [{
"@class" : "com.googlecode.jmxtrans.model.output.InfluxDbWriterFactory",
"url" : "http://172.18.2.29:8086/",
"username" : "root",
"password" : "root123",
"database" : "yarnJmx"
}
]
}
, {
"obj" : "Hadoop:service=ResourceManager,name=JvmMetrics",
"attr" : ["MemNonHeapUsedM","MemNonHeapCommittedM","MemNonHeapMaxM","MemHeapUsedM","MemHeapCommittedM","MemHeapMaxM","MemMaxM","GcCountParNew","GcTimeMillisParNew","GcCountConcurrentMarkSweep","GcTimeMillisConcurrentMarkSweep","GcCount","GcTimeMillis","ThreadsNew","ThreadsRunnable","ThreadsBlocked","ThreadsWaiting","ThreadsTimedWaiting","ThreadsTerminated","LogFatal","LogError","LogWarn","LogInfo"],
"resultAlias" : "ResourceManager_JvmMetrics",
"outputWriters" : [{
"@class" : "com.googlecode.jmxtrans.model.output.InfluxDbWriterFactory",
"url" : "http://172.18.2.29:8086/",
"username" : "root",
"password" : "root123",
"database" : "yarnJmx"
}
]
}
, {
"obj" : "Hadoop:service=ResourceManager,name=RpcActivityForPort8032",
"attr" : ["ReceivedBytes","SentBytes","RpcQueueTimeNumOps","RpcQueueTimeAvgTime","RpcProcessingTimeNumOps","RpcProcessingTimeAvgTime","RpcAuthenticationFailures","RpcAuthenticationSuccesses","RpcAuthorizationFailures","RpcAuthorizationSuccesses","NumOpenConnections","CallQueueLength"],
"resultAlias" : "ResourceManager_RpcActivityForPort8032",
"outputWriters" : [{
"@class" : "com.googlecode.jmxtrans.model.output.InfluxDbWriterFactory",
"url" : "http://172.18.2.29:8086/",
"username" : "root",
"password" : "root123",
"database" : "yarnJmx"
}
]
}
, {
"obj" : "Hadoop:service=ResourceManager,name=QueueMetrics,q0=root",
"attr" : ["running_0","running_60","running_300","running_1440","AppsSubmitted","AppsRunning","AppsPending","AppsCompleted","AppsKilled","AppsFailed","AllocatedMB","AllocatedVCores","AllocatedContainers","AggregateContainersAllocated","AggregateContainersReleased","AvailableMB","AvailableVCores","PendingMB","PendingVCores","PendingContainers","ReservedMB","ReservedVCores","ReservedContainers","ActiveUsers","ActiveApplications"],
"resultAlias" : "ResourceManager_QueueMetrics_root",
"outputWriters" : [{
"@class" : "com.googlecode.jmxtrans.model.output.InfluxDbWriterFactory",
"url" : "http://172.18.2.29:8086/",
"username" : "root",
"password" : "root123",
"database" : "yarnJmx"
}
]
}
, {
"obj" : "Hadoop:service=ResourceManager,name=RpcDetailedActivityForPort8031",
"attr" : ["NodeHeartbeatNumOps","NodeHeartbeatAvgTime","RegisterNodeManagerNumOps","RegisterNodeManagerAvgTime"],
"resultAlias" : "ResourceManager_RpcDetailedActivityForPort8031",
"outputWriters" : [{
"@class" : "com.googlecode.jmxtrans.model.output.InfluxDbWriterFactory",
"url" : "http://172.18.2.29:8086/",
"username" : "root",
"password" : "root123",
"database" : "yarnJmx"
}
]
}
, {
"obj" : "Hadoop:service=ResourceManager,name=RMNMInfo",
"attr" : ["LiveNodeManagers"],
"resultAlias" : "ResourceManager_RMNMInfo",
"outputWriters" : [{
"@class" : "com.googlecode.jmxtrans.model.output.InfluxDbWriterFactory",
"url" : "http://172.18.2.29:8086/",
"username" : "root",
"password" : "root123",
"database" : "yarnJmx"
}
]
}
, {
"obj" : "Hadoop:service=ResourceManager,name=RpcActivityForPort8033",
"attr" : ["ReceivedBytes","SentBytes","RpcQueueTimeNumOps","RpcQueueTimeAvgTime","RpcProcessingTimeNumOps","RpcProcessingTimeAvgTime","RpcAuthenticationFailures","RpcAuthenticationSuccesses","RpcAuthorizationFailures","RpcAuthorizationSuccesses","NumOpenConnections","CallQueueLength"],
"resultAlias" : "ResourceManager_RpcActivityForPort8033",
"outputWriters" : [{
"@class" : "com.googlecode.jmxtrans.model.output.InfluxDbWriterFactory",
"url" : "http://172.18.2.29:8086/",
"username" : "root",
"password" : "root123",
"database" : "yarnJmx"
}
]
}
, {
"obj" : "Hadoop:service=ResourceManager,name=UgiMetrics",
"attr" : ["LoginSuccessNumOps","LoginSuccessAvgTime","LoginFailureNumOps","LoginFailureAvgTime","GetGroupsNumOps","GetGroupsAvgTime"],
"resultAlias" : "ResourceManager_UgiMetrics",
"outputWriters" : [{
"@class" : "com.googlecode.jmxtrans.model.output.InfluxDbWriterFactory",
"url" : "http://172.18.2.29:8086/",
"username" : "root",
"password" : "root123",
"database" : "yarnJmx"
}
]
}
, {
"obj" : "Hadoop:service=ResourceManager,name=QueueMetrics,q0=root,q1=default",
"attr" : ["running_0","running_60","running_300","running_1440","AppsSubmitted","AppsRunning","AppsPending","AppsCompleted","AppsKilled","AppsFailed","AllocatedMB","AllocatedVCores","AllocatedContainers","AggregateContainersAllocated","AggregateContainersReleased","AvailableMB","AvailableVCores","PendingMB","PendingVCores","PendingContainers","ReservedMB","ReservedVCores","ReservedContainers","ActiveUsers","ActiveApplications"],
"resultAlias" : "ResourceManager_QueueMetrics_root_default",
"outputWriters" : [{
"@class" : "com.googlecode.jmxtrans.model.output.InfluxDbWriterFactory",
"url" : "http://172.18.2.29:8086/",
"username" : "root",
"password" : "root123",
"database" : "yarnJmx"
}
]
}
, {
"obj" : "Hadoop:service=ResourceManager,name=RpcDetailedActivityForPort8030",
"attr" : ["RegisterApplicationMasterNumOps","RegisterApplicationMasterAvgTime","AllocateNumOps","AllocateAvgTime","FinishApplicationMasterNumOps","FinishApplicationMasterAvgTime"],
"resultAlias" : "ResourceManager_RpcDetailedActivityForPort8030",
"outputWriters" : [{
"@class" : "com.googlecode.jmxtrans.model.output.InfluxDbWriterFactory",
"url" : "http://172.18.2.29:8086/",
"username" : "root",
"password" : "root123",
"database" : "yarnJmx"
}
]
}
, {
"obj" : "Hadoop:service=ResourceManager,name=RpcActivityForPort8030",
"attr" : ["ReceivedBytes","SentBytes","RpcQueueTimeNumOps","RpcQueueTimeAvgTime","RpcProcessingTimeNumOps","RpcProcessingTimeAvgTime","RpcAuthenticationFailures","RpcAuthenticationSuccesses","RpcAuthorizationFailures","RpcAuthorizationSuccesses","NumOpenConnections","CallQueueLength"],
"resultAlias" : "ResourceManager_RpcActivityForPort8030",
"outputWriters" : [{
"@class" : "com.googlecode.jmxtrans.model.output.InfluxDbWriterFactory",
"url" : "http://172.18.2.29:8086/",
"username" : "root",
"password" : "root123",
"database" : "yarnJmx"
}
]
}
, {
"obj" : "Hadoop:service=ResourceManager,name=ClusterMetrics",
"attr" : ["NumActiveNMs","NumDecommissionedNMs","NumLostNMs","NumUnhealthyNMs","NumRebootedNMs","AMLaunchDelayNumOps","AMLaunchDelayAvgTime","AMRegisterDelayNumOps","AMRegisterDelayAvgTime"],
"resultAlias" : "ResourceManager_ClusterMetrics",
"outputWriters" : [{
"@class" : "com.googlecode.jmxtrans.model.output.InfluxDbWriterFactory",
"url" : "http://172.18.2.29:8086/",
"username" : "root",
"password" : "root123",
"database" : "yarnJmx"
}
]
}
]
}
, {
"host" : "172.18.2.29",
"port" : "40008",
"queries" : [{
"obj" : "Hadoop:service=NodeManager,name=RpcActivityForPort34923",
"attr" : ["ReceivedBytes","SentBytes","RpcQueueTimeNumOps","RpcQueueTimeAvgTime","RpcProcessingTimeNumOps","RpcProcessingTimeAvgTime","RpcAuthenticationFailures","RpcAuthenticationSuccesses","RpcAuthorizationFailures","RpcAuthorizationSuccesses","NumOpenConnections","CallQueueLength"],
"resultAlias" : "NodeManager_RpcActivityForPort34923",
"outputWriters" : [{
"@class" : "com.googlecode.jmxtrans.model.output.InfluxDbWriterFactory",
"url" : "http://172.18.2.29:8086/",
"username" : "root",
"password" : "root123",
"database" : "yarnJmx"
}
]
}
, {
"obj" : "Hadoop:service=NodeManager,name=NodeManagerMetrics",
"attr" : ["ContainersLaunched","ContainersCompleted","ContainersFailed","ContainersKilled","ContainersIniting","ContainersRunning","AllocatedGB","AllocatedContainers","AvailableGB","AllocatedVCores","AvailableVCores","ContainerLaunchDurationNumOps","ContainerLaunchDurationAvgTime"],
"resultAlias" : "NodeManager_NodeManagerMetrics",
"outputWriters" : [{
"@class" : "com.googlecode.jmxtrans.model.output.InfluxDbWriterFactory",
"url" : "http://172.18.2.29:8086/",
"username" : "root",
"password" : "root123",
"database" : "yarnJmx"
}
]
}
, {
"obj" : "Hadoop:service=NodeManager,name=RpcDetailedActivityForPort8040",
"attr" : ["HeartbeatNumOps","HeartbeatAvgTime"],
"resultAlias" : "NodeManager_RpcDetailedActivityForPort8040",
"outputWriters" : [{
"@class" : "com.googlecode.jmxtrans.model.output.InfluxDbWriterFactory",
"url" : "http://172.18.2.29:8086/",
"username" : "root",
"password" : "root123",
"database" : "yarnJmx"
}
]
}
, {
"obj" : "Hadoop:service=NodeManager,name=RpcDetailedActivityForPort34923",
"attr" : ["StartContainersNumOps","StartContainersAvgTime","StopContainersNumOps","StopContainersAvgTime"],
"resultAlias" : "NodeManager_RpcDetailedActivityForPort34923",
"outputWriters" : [{
"@class" : "com.googlecode.jmxtrans.model.output.InfluxDbWriterFactory",
"url" : "http://172.18.2.29:8086/",
"username" : "root",
"password" : "root123",
"database" : "yarnJmx"
}
]
}
, {
"obj" : "Hadoop:service=NodeManager,name=RpcActivityForPort8040",
"attr" : ["ReceivedBytes","SentBytes","RpcQueueTimeNumOps","RpcQueueTimeAvgTime","RpcProcessingTimeNumOps","RpcProcessingTimeAvgTime","RpcAuthenticationFailures","RpcAuthenticationSuccesses","RpcAuthorizationFailures","RpcAuthorizationSuccesses","NumOpenConnections","CallQueueLength"],
"resultAlias" : "NodeManager_RpcActivityForPort8040",
"outputWriters" : [{
"@class" : "com.googlecode.jmxtrans.model.output.InfluxDbWriterFactory",
"url" : "http://172.18.2.29:8086/",
"username" : "root",
"password" : "root123",
"database" : "yarnJmx"
}
]
}
, {
"obj" : "Hadoop:service=NodeManager,name=JvmMetrics",
"attr" : ["MemNonHeapUsedM","MemNonHeapCommittedM","MemNonHeapMaxM","MemHeapUsedM","MemHeapCommittedM","MemHeapMaxM","MemMaxM","GcCountParNew","GcTimeMillisParNew","GcCountConcurrentMarkSweep","GcTimeMillisConcurrentMarkSweep","GcCount","GcTimeMillis","ThreadsNew","ThreadsRunnable","ThreadsBlocked","ThreadsWaiting","ThreadsTimedWaiting","ThreadsTerminated","LogFatal","LogError","LogWarn","LogInfo"],
"resultAlias" : "NodeManager_JvmMetrics",
"outputWriters" : [{
"@class" : "com.googlecode.jmxtrans.model.output.InfluxDbWriterFactory",
"url" : "http://172.18.2.29:8086/",
"username" : "root",
"password" : "root123",
"database" : "yarnJmx"
}
]
}
, {
"obj" : "Hadoop:service=NodeManager,name=UgiMetrics",
"attr" : ["LoginSuccessNumOps","LoginSuccessAvgTime","LoginFailureNumOps","LoginFailureAvgTime","GetGroupsNumOps","GetGroupsAvgTime"],
"resultAlias" : "NodeManager_UgiMetrics",
"outputWriters" : [{
"@class" : "com.googlecode.jmxtrans.model.output.InfluxDbWriterFactory",
"url" : "http://172.18.2.29:8086/",
"username" : "root",
"password" : "root123",
"database" : "yarnJmx"
}
]
}
, {
"obj" : "Hadoop:service=NodeManager,name=ShuffleMetrics",
"attr" : ["ShuffleOutputBytes","ShuffleOutputsFailed","ShuffleOutputsOK","ShuffleConnections"],
"resultAlias" : "NodeManager_ShuffleMetrics",
"outputWriters" : [{
"@class" : "com.googlecode.jmxtrans.model.output.InfluxDbWriterFactory",
"url" : "http://172.18.2.29:8086/",
"username" : "root",
"password" : "root123",
"database" : "yarnJmx"
}
]
}
, {
"obj" : "Hadoop:service=NodeManager,name=MetricsSystem,sub=Stats",
"attr" : ["NumActiveSources","NumAllSources","NumActiveSinks","NumAllSinks","SnapshotNumOps","SnapshotAvgTime","PublishNumOps","PublishAvgTime","DroppedPubAll"],
"resultAlias" : "NodeManager_MetricsSystem_Stats",
"outputWriters" : [{
"@class" : "com.googlecode.jmxtrans.model.output.InfluxDbWriterFactory",
"url" : "http://172.18.2.29:8086/",
"username" : "root",
"password" : "root123",
"database" : "yarnJmx"
}
]
}
]
}
, {
"host" : "172.18.2.11",
"port" : "40008",
"queries" : [{
"obj" : "Hadoop:service=NodeManager,name=RpcDetailedActivityForPort38498",
"attr" : ["StartContainersNumOps","StartContainersAvgTime","StopContainersNumOps","StopContainersAvgTime"],
"resultAlias" : "NodeManager_RpcDetailedActivityForPort38498",
"outputWriters" : [{
"@class" : "com.googlecode.jmxtrans.model.output.InfluxDbWriterFactory",
"url" : "http://172.18.2.29:8086/",
"username" : "root",
"password" : "root123",
"database" : "yarnJmx"
}
]
}
, {
"obj" : "Hadoop:service=NodeManager,name=NodeManagerMetrics",
"attr" : ["ContainersLaunched","ContainersCompleted","ContainersFailed","ContainersKilled","ContainersIniting","ContainersRunning","AllocatedGB","AllocatedContainers","AvailableGB","AllocatedVCores","AvailableVCores","ContainerLaunchDurationNumOps","ContainerLaunchDurationAvgTime"],
"resultAlias" : "NodeManager_NodeManagerMetrics",
"outputWriters" : [{
"@class" : "com.googlecode.jmxtrans.model.output.InfluxDbWriterFactory",
"url" : "http://172.18.2.29:8086/",
"username" : "root",
"password" : "root123",
"database" : "yarnJmx"
}
]
}
, {
"obj" : "Hadoop:service=NodeManager,name=RpcDetailedActivityForPort8040",
"attr" : ["HeartbeatNumOps","HeartbeatAvgTime"],
"resultAlias" : "NodeManager_RpcDetailedActivityForPort8040",
"outputWriters" : [{
"@class" : "com.googlecode.jmxtrans.model.output.InfluxDbWriterFactory",
"url" : "http://172.18.2.29:8086/",
"username" : "root",
"password" : "root123",
"database" : "yarnJmx"
}
]
}
, {
"obj" : "Hadoop:service=NodeManager,name=RpcActivityForPort8040",
"attr" : ["ReceivedBytes","SentBytes","RpcQueueTimeNumOps","RpcQueueTimeAvgTime","RpcProcessingTimeNumOps","RpcProcessingTimeAvgTime","RpcAuthenticationFailures","RpcAuthenticationSuccesses","RpcAuthorizationFailures","RpcAuthorizationSuccesses","NumOpenConnections","CallQueueLength"],
"resultAlias" : "NodeManager_RpcActivityForPort8040",
"outputWriters" : [{
"@class" : "com.googlecode.jmxtrans.model.output.InfluxDbWriterFactory",
"url" : "http://172.18.2.29:8086/",
"username" : "root",
"password" : "root123",
"database" : "yarnJmx"
}
]
}
, {
"obj" : "Hadoop:service=NodeManager,name=JvmMetrics",
"attr" : ["MemNonHeapUsedM","MemNonHeapCommittedM","MemNonHeapMaxM","MemHeapUsedM","MemHeapCommittedM","MemHeapMaxM","MemMaxM","GcCountParNew","GcTimeMillisParNew","GcCountConcurrentMarkSweep","GcTimeMillisConcurrentMarkSweep","GcCount","GcTimeMillis","ThreadsNew","ThreadsRunnable","ThreadsBlocked","ThreadsWaiting","ThreadsTimedWaiting","ThreadsTerminated","LogFatal","LogError","LogWarn","LogInfo"],
"resultAlias" : "NodeManager_JvmMetrics",
"outputWriters" : [{
"@class" : "com.googlecode.jmxtrans.model.output.InfluxDbWriterFactory",
"url" : "http://172.18.2.29:8086/",
"username" : "root",
"password" : "root123",
"database" : "yarnJmx"
}
]
}
, {
"obj" : "Hadoop:service=NodeManager,name=UgiMetrics",
"attr" : ["LoginSuccessNumOps","LoginSuccessAvgTime","LoginFailureNumOps","LoginFailureAvgTime","GetGroupsNumOps","GetGroupsAvgTime"],
"resultAlias" : "NodeManager_UgiMetrics",
"outputWriters" : [{
"@class" : "com.googlecode.jmxtrans.model.output.InfluxDbWriterFactory",
"url" : "http://172.18.2.29:8086/",
"username" : "root",
"password" : "root123",
"database" : "yarnJmx"
}
]
}
, {
"obj" : "Hadoop:service=NodeManager,name=RpcActivityForPort38498",
"attr" : ["ReceivedBytes","SentBytes","RpcQueueTimeNumOps","RpcQueueTimeAvgTime","RpcProcessingTimeNumOps","RpcProcessingTimeAvgTime","RpcAuthenticationFailures","RpcAuthenticationSuccesses","RpcAuthorizationFailures","RpcAuthorizationSuccesses","NumOpenConnections","CallQueueLength"],
"resultAlias" : "NodeManager_RpcActivityForPort38498",
"outputWriters" : [{
"@class" : "com.googlecode.jmxtrans.model.output.InfluxDbWriterFactory",
"url" : "http://172.18.2.29:8086/",
"username" : "root",
"password" : "root123",
"database" : "yarnJmx"
}
]
}
, {
"obj" : "Hadoop:service=NodeManager,name=MetricsSystem,sub=Stats",
"attr" : ["NumActiveSources","NumAllSources","NumActiveSinks","NumAllSinks","SnapshotNumOps","SnapshotAvgTime","PublishNumOps","PublishAvgTime","DroppedPubAll"],
"resultAlias" : "NodeManager_MetricsSystem_Stats",
"outputWriters" : [{
"@class" : "com.googlecode.jmxtrans.model.output.InfluxDbWriterFactory",
"url" : "http://172.18.2.29:8086/",
"username" : "root",
"password" : "root123",
"database" : "yarnJmx"
}
]
}
, {
"obj" : "Hadoop:service=NodeManager,name=ShuffleMetrics",
"attr" : ["ShuffleOutputBytes","ShuffleOutputsFailed","ShuffleOutputsOK","ShuffleConnections"],
"resultAlias" : "NodeManager_ShuffleMetrics",
"outputWriters" : [{
"@class" : "com.googlecode.jmxtrans.model.output.InfluxDbWriterFactory",
"url" : "http://172.18.2.29:8086/",
"username" : "root",
"password" : "root123",
"database" : "yarnJmx"
}
]
}
]
}
, {
"host" : "172.18.2.37",
"port" : "40008",
"queries" : [{
"obj" : "Hadoop:service=NodeManager,name=NodeManagerMetrics",
"attr" : ["ContainersLaunched","ContainersCompleted","ContainersFailed","ContainersKilled","ContainersIniting","ContainersRunning","AllocatedGB","AllocatedContainers","AvailableGB","AllocatedVCores","AvailableVCores","ContainerLaunchDurationNumOps","ContainerLaunchDurationAvgTime"],
"resultAlias" : "NodeManager_NodeManagerMetrics",
"outputWriters" : [{
"@class" : "com.googlecode.jmxtrans.model.output.InfluxDbWriterFactory",
"url" : "http://172.18.2.29:8086/",
"username" : "root",
"password" : "root123",
"database" : "yarnJmx"
}
]
}
, {
"obj" : "Hadoop:service=NodeManager,name=RpcDetailedActivityForPort8040",
"attr" : ["HeartbeatNumOps","HeartbeatAvgTime"],
"resultAlias" : "NodeManager_RpcDetailedActivityForPort8040",
"outputWriters" : [{
"@class" : "com.googlecode.jmxtrans.model.output.InfluxDbWriterFactory",
"url" : "http://172.18.2.29:8086/",
"username" : "root",
"password" : "root123",
"database" : "yarnJmx"
}
]
}
, {
"obj" : "Hadoop:service=NodeManager,name=RpcDetailedActivityForPort35562",
"attr" : ["StartContainersNumOps","StartContainersAvgTime","StopContainersNumOps","StopContainersAvgTime"],
"resultAlias" : "NodeManager_RpcDetailedActivityForPort35562",
"outputWriters" : [{
"@class" : "com.googlecode.jmxtrans.model.output.InfluxDbWriterFactory",
"url" : "http://172.18.2.29:8086/",
"username" : "root",
"password" : "root123",
"database" : "yarnJmx"
}
]
}
, {
"obj" : "Hadoop:service=NodeManager,name=RpcActivityForPort35562",
"attr" : ["ReceivedBytes","SentBytes","RpcQueueTimeNumOps","RpcQueueTimeAvgTime","RpcProcessingTimeNumOps","RpcProcessingTimeAvgTime","RpcAuthenticationFailures","RpcAuthenticationSuccesses","RpcAuthorizationFailures","RpcAuthorizationSuccesses","NumOpenConnections","CallQueueLength"],
"resultAlias" : "NodeManager_RpcActivityForPort35562",
"outputWriters" : [{
"@class" : "com.googlecode.jmxtrans.model.output.InfluxDbWriterFactory",
"url" : "http://172.18.2.29:8086/",
"username" : "root",
"password" : "root123",
"database" : "yarnJmx"
}
]
}
, {
"obj" : "Hadoop:service=NodeManager,name=RpcActivityForPort8040",
"attr" : ["ReceivedBytes","SentBytes","RpcQueueTimeNumOps","RpcQueueTimeAvgTime","RpcProcessingTimeNumOps","RpcProcessingTimeAvgTime","RpcAuthenticationFailures","RpcAuthenticationSuccesses","RpcAuthorizationFailures","RpcAuthorizationSuccesses","NumOpenConnections","CallQueueLength"],
"resultAlias" : "NodeManager_RpcActivityForPort8040",
"outputWriters" : [{
"@class" : "com.googlecode.jmxtrans.model.output.InfluxDbWriterFactory",
"url" : "http://172.18.2.29:8086/",
"username" : "root",
"password" : "root123",
"database" : "yarnJmx"
}
]
}
, {
"obj" : "Hadoop:service=NodeManager,name=JvmMetrics",
"attr" : ["MemNonHeapUsedM","MemNonHeapCommittedM","MemNonHeapMaxM","MemHeapUsedM","MemHeapCommittedM","MemHeapMaxM","MemMaxM","GcCountParNew","GcTimeMillisParNew","GcCountConcurrentMarkSweep","GcTimeMillisConcurrentMarkSweep","GcCount","GcTimeMillis","ThreadsNew","ThreadsRunnable","ThreadsBlocked","ThreadsWaiting","ThreadsTimedWaiting","ThreadsTerminated","LogFatal","LogError","LogWarn","LogInfo"],
"resultAlias" : "NodeManager_JvmMetrics",
"outputWriters" : [{
"@class" : "com.googlecode.jmxtrans.model.output.InfluxDbWriterFactory",
"url" : "http://172.18.2.29:8086/",
"username" : "root",
"password" : "root123",
"database" : "yarnJmx"
}
]
}
, {
"obj" : "Hadoop:service=NodeManager,name=UgiMetrics",
"attr" : ["LoginSuccessNumOps","LoginSuccessAvgTime","LoginFailureNumOps","LoginFailureAvgTime","GetGroupsNumOps","GetGroupsAvgTime"],
"resultAlias" : "NodeManager_UgiMetrics",
"outputWriters" : [{
"@class" : "com.googlecode.jmxtrans.model.output.InfluxDbWriterFactory",
"url" : "http://172.18.2.29:8086/",
"username" : "root",
"password" : "root123",
"database" : "yarnJmx"
}
]
}
, {
"obj" : "Hadoop:service=NodeManager,name=ShuffleMetrics",
"attr" : ["ShuffleOutputBytes","ShuffleOutputsFailed","ShuffleOutputsOK","ShuffleConnections"],
"resultAlias" : "NodeManager_ShuffleMetrics",
"outputWriters" : [{
"@class" : "com.googlecode.jmxtrans.model.output.InfluxDbWriterFactory",
"url" : "http://172.18.2.29:8086/",
"username" : "root",
"password" : "root123",
"database" : "yarnJmx"
}
]
}
, {
"obj" : "Hadoop:service=NodeManager,name=MetricsSystem,sub=Stats",
"attr" : ["NumActiveSources","NumAllSources","NumActiveSinks","NumAllSinks","SnapshotNumOps","SnapshotAvgTime","PublishNumOps","PublishAvgTime","DroppedPubAll"],
"resultAlias" : "NodeManager_MetricsSystem_Stats",
"outputWriters" : [{
"@class" : "com.googlecode.jmxtrans.model.output.InfluxDbWriterFactory",
"url" : "http://172.18.2.29:8086/",
"username" : "root",
"password" : "root123",
"database" : "yarnJmx"
}
]
}
]
}
, {
"host" : "172.18.2.19",
"port" : "40008",
"queries" : [{
"obj" : "Hadoop:service=NodeManager,name=RpcActivityForPort43760",
"attr" : ["ReceivedBytes","SentBytes","RpcQueueTimeNumOps","RpcQueueTimeAvgTime","RpcProcessingTimeNumOps","RpcProcessingTimeAvgTime","RpcAuthenticationFailures","RpcAuthenticationSuccesses","RpcAuthorizationFailures","RpcAuthorizationSuccesses","NumOpenConnections","CallQueueLength"],
"resultAlias" : "NodeManager_RpcActivityForPort43760",
"outputWriters" : [{
"@class" : "com.googlecode.jmxtrans.model.output.InfluxDbWriterFactory",
"url" : "http://172.18.2.29:8086/",
"username" : "root",
"password" : "root123",
"database" : "yarnJmx"
}
]
}
, {
"obj" : "Hadoop:service=NodeManager,name=NodeManagerMetrics",
"attr" : ["ContainersLaunched","ContainersCompleted","ContainersFailed","ContainersKilled","ContainersIniting","ContainersRunning","AllocatedGB","AllocatedContainers","AvailableGB","AllocatedVCores","AvailableVCores","ContainerLaunchDurationNumOps","ContainerLaunchDurationAvgTime"],
"resultAlias" : "NodeManager_NodeManagerMetrics",
"outputWriters" : [{
"@class" : "com.googlecode.jmxtrans.model.output.InfluxDbWriterFactory",
"url" : "http://172.18.2.29:8086/",
"username" : "root",
"password" : "root123",
"database" : "yarnJmx"
}
]
}
, {
"obj" : "Hadoop:service=NodeManager,name=RpcDetailedActivityForPort8040",
"attr" : ["HeartbeatNumOps","HeartbeatAvgTime"],
"resultAlias" : "NodeManager_RpcDetailedActivityForPort8040",
"outputWriters" : [{
"@class" : "com.googlecode.jmxtrans.model.output.InfluxDbWriterFactory",
"url" : "http://172.18.2.29:8086/",
"username" : "root",
"password" : "root123",
"database" : "yarnJmx"
}
]
}
, {
"obj" : "Hadoop:service=NodeManager,name=RpcActivityForPort8040",
"attr" : ["ReceivedBytes","SentBytes","RpcQueueTimeNumOps","RpcQueueTimeAvgTime","RpcProcessingTimeNumOps","RpcProcessingTimeAvgTime","RpcAuthenticationFailures","RpcAuthenticationSuccesses","RpcAuthorizationFailures","RpcAuthorizationSuccesses","NumOpenConnections","CallQueueLength"],
"resultAlias" : "NodeManager_RpcActivityForPort8040",
"outputWriters" : [{
"@class" : "com.googlecode.jmxtrans.model.output.InfluxDbWriterFactory",
"url" : "http://172.18.2.29:8086/",
"username" : "root",
"password" : "root123",
"database" : "yarnJmx"
}
]
}
, {
"obj" : "Hadoop:service=NodeManager,name=JvmMetrics",
"attr" : ["MemNonHeapUsedM","MemNonHeapCommittedM","MemNonHeapMaxM","MemHeapUsedM","MemHeapCommittedM","MemHeapMaxM","MemMaxM","GcCountParNew","GcTimeMillisParNew","GcCountConcurrentMarkSweep","GcTimeMillisConcurrentMarkSweep","GcCount","GcTimeMillis","ThreadsNew","ThreadsRunnable","ThreadsBlocked","ThreadsWaiting","ThreadsTimedWaiting","ThreadsTerminated","LogFatal","LogError","LogWarn","LogInfo"],
"resultAlias" : "NodeManager_JvmMetrics",
"outputWriters" : [{
"@class" : "com.googlecode.jmxtrans.model.output.InfluxDbWriterFactory",
"url" : "http://172.18.2.29:8086/",
"username" : "root",
"password" : "root123",
"database" : "yarnJmx"
}
]
}
, {
"obj" : "Hadoop:service=NodeManager,name=RpcDetailedActivityForPort43760",
"attr" : ["StartContainersNumOps","StartContainersAvgTime","StopContainersNumOps","StopContainersAvgTime"],
"resultAlias" : "NodeManager_RpcDetailedActivityForPort43760",
"outputWriters" : [{
"@class" : "com.googlecode.jmxtrans.model.output.InfluxDbWriterFactory",
"url" : "http://172.18.2.29:8086/",
"username" : "root",
"password" : "root123",
"database" : "yarnJmx"
}
]
}
, {
"obj" : "Hadoop:service=NodeManager,name=UgiMetrics",
"attr" : ["LoginSuccessNumOps","LoginSuccessAvgTime","LoginFailureNumOps","LoginFailureAvgTime","GetGroupsNumOps","GetGroupsAvgTime"],
"resultAlias" : "NodeManager_UgiMetrics",
"outputWriters" : [{
"@class" : "com.googlecode.jmxtrans.model.output.InfluxDbWriterFactory",
"url" : "http://172.18.2.29:8086/",
"username" : "root",
"password" : "root123",
"database" : "yarnJmx"
}
]
}
, {
"obj" : "Hadoop:service=NodeManager,name=ShuffleMetrics",
"attr" : ["ShuffleOutputBytes","ShuffleOutputsFailed","ShuffleOutputsOK","ShuffleConnections"],
"resultAlias" : "NodeManager_ShuffleMetrics",
"outputWriters" : [{
"@class" : "com.googlecode.jmxtrans.model.output.InfluxDbWriterFactory",
"url" : "http://172.18.2.29:8086/",
"username" : "root",
"password" : "root123",
"database" : "yarnJmx"
}
]
}
, {
"obj" : "Hadoop:service=NodeManager,name=MetricsSystem,sub=Stats",
"attr" : ["NumActiveSources","NumAllSources","NumActiveSinks","NumAllSinks","SnapshotNumOps","SnapshotAvgTime","PublishNumOps","PublishAvgTime","DroppedPubAll"],
"resultAlias" : "NodeManager_MetricsSystem_Stats",
"outputWriters" : [{
"@class" : "com.googlecode.jmxtrans.model.output.InfluxDbWriterFactory",
"url" : "http://172.18.2.29:8086/",
"username" : "root",
"password" : "root123",
"database" : "yarnJmx"
}
]
}
]
}
, {
"host" : "172.18.2.10",
"port" : "40008",
"queries" : [{
"obj" : "Hadoop:service=NodeManager,name=RpcActivityForPort36162",
"attr" : ["ReceivedBytes","SentBytes","RpcQueueTimeNumOps","RpcQueueTimeAvgTime","RpcProcessingTimeNumOps","RpcProcessingTimeAvgTime","RpcAuthenticationFailures","RpcAuthenticationSuccesses","RpcAuthorizationFailures","RpcAuthorizationSuccesses","NumOpenConnections","CallQueueLength"],
"resultAlias" : "NodeManager_RpcActivityForPort36162",
"outputWriters" : [{
"@class" : "com.googlecode.jmxtrans.model.output.InfluxDbWriterFactory",
"url" : "http://172.18.2.29:8086/",
"username" : "root",
"password" : "root123",
"database" : "yarnJmx"
}
]
}
, {
"obj" : "Hadoop:service=NodeManager,name=RpcDetailedActivityForPort36162",
"attr" : ["StartContainersNumOps","StartContainersAvgTime","StopContainersNumOps","StopContainersAvgTime"],
"resultAlias" : "NodeManager_RpcDetailedActivityForPort36162",
"outputWriters" : [{
"@class" : "com.googlecode.jmxtrans.model.output.InfluxDbWriterFactory",
"url" : "http://172.18.2.29:8086/",
"username" : "root",
"password" : "root123",
"database" : "yarnJmx"
}
]
}
, {
"obj" : "Hadoop:service=NodeManager,name=NodeManagerMetrics",
"attr" : ["ContainersLaunched","ContainersCompleted","ContainersFailed","ContainersKilled","ContainersIniting","ContainersRunning","AllocatedGB","AllocatedContainers","AvailableGB","AllocatedVCores","AvailableVCores","ContainerLaunchDurationNumOps","ContainerLaunchDurationAvgTime"],
"resultAlias" : "NodeManager_NodeManagerMetrics",
"outputWriters" : [{
"@class" : "com.googlecode.jmxtrans.model.output.InfluxDbWriterFactory",
"url" : "http://172.18.2.29:8086/",
"username" : "root",
"password" : "root123",
"database" : "yarnJmx"
}
]
}
, {
"obj" : "Hadoop:service=NodeManager,name=RpcDetailedActivityForPort8040",
"attr" : ["HeartbeatNumOps","HeartbeatAvgTime"],
"resultAlias" : "NodeManager_RpcDetailedActivityForPort8040",
"outputWriters" : [{
"@class" : "com.googlecode.jmxtrans.model.output.InfluxDbWriterFactory",
"url" : "http://172.18.2.29:8086/",
"username" : "root",
"password" : "root123",
"database" : "yarnJmx"
}
]
}
, {
"obj" : "Hadoop:service=NodeManager,name=RpcActivityForPort8040",
"attr" : ["ReceivedBytes","SentBytes","RpcQueueTimeNumOps","RpcQueueTimeAvgTime","RpcProcessingTimeNumOps","RpcProcessingTimeAvgTime","RpcAuthenticationFailures","RpcAuthenticationSuccesses","RpcAuthorizationFailures","RpcAuthorizationSuccesses","NumOpenConnections","CallQueueLength"],
"resultAlias" : "NodeManager_RpcActivityForPort8040",
"outputWriters" : [{
"@class" : "com.googlecode.jmxtrans.model.output.InfluxDbWriterFactory",
"url" : "http://172.18.2.29:8086/",
"username" : "root",
"password" : "root123",
"database" : "yarnJmx"
}
]
}
, {
"obj" : "Hadoop:service=NodeManager,name=JvmMetrics",
"attr" : ["MemNonHeapUsedM","MemNonHeapCommittedM","MemNonHeapMaxM","MemHeapUsedM","MemHeapCommittedM","MemHeapMaxM","MemMaxM","GcCountParNew","GcTimeMillisParNew","GcCountConcurrentMarkSweep","GcTimeMillisConcurrentMarkSweep","GcCount","GcTimeMillis","ThreadsNew","ThreadsRunnable","ThreadsBlocked","ThreadsWaiting","ThreadsTimedWaiting","ThreadsTerminated","LogFatal","LogError","LogWarn","LogInfo"],
"resultAlias" : "NodeManager_JvmMetrics",
"outputWriters" : [{
"@class" : "com.googlecode.jmxtrans.model.output.InfluxDbWriterFactory",
"url" : "http://172.18.2.29:8086/",
"username" : "root",
"password" : "root123",
"database" : "yarnJmx"
}
]
}
, {
"obj" : "Hadoop:service=NodeManager,name=UgiMetrics",
"attr" : ["LoginSuccessNumOps","LoginSuccessAvgTime","LoginFailureNumOps","LoginFailureAvgTime","GetGroupsNumOps","GetGroupsAvgTime"],
"resultAlias" : "NodeManager_UgiMetrics",
"outputWriters" : [{
"@class" : "com.googlecode.jmxtrans.model.output.InfluxDbWriterFactory",
"url" : "http://172.18.2.29:8086/",
"username" : "root",
"password" : "root123",
"database" : "yarnJmx"
}
]
}
, {
"obj" : "Hadoop:service=NodeManager,name=MetricsSystem,sub=Stats",
"attr" : ["NumActiveSources","NumAllSources","NumActiveSinks","NumAllSinks","SnapshotNumOps","SnapshotAvgTime","PublishNumOps","PublishAvgTime","DroppedPubAll"],
"resultAlias" : "NodeManager_MetricsSystem_Stats",
"outputWriters" : [{
"@class" : "com.googlecode.jmxtrans.model.output.InfluxDbWriterFactory",
"url" : "http://172.18.2.29:8086/",
"username" : "root",
"password" : "root123",
"database" : "yarnJmx"
}
]
}
, {
"obj" : "Hadoop:service=NodeManager,name=ShuffleMetrics",
"attr" : ["ShuffleOutputBytes","ShuffleOutputsFailed","ShuffleOutputsOK","ShuffleConnections"],
"resultAlias" : "NodeManager_ShuffleMetrics",
"outputWriters" : [{
"@class" : "com.googlecode.jmxtrans.model.output.InfluxDbWriterFactory",
"url" : "http://172.18.2.29:8086/",
"username" : "root",
"password" : "root123",
"database" : "yarnJmx"
}
]
}
]
}
]
}
