{
"servers" : [{
"host" : "172.18.2.29",
"port" : "40001",
"queries" : [{
"obj" : "org.apache.ZooKeeperService:name0=ReplicatedServer_id1,name1=replica.1,name2=Follower,name3=InMemoryDataTree",
"attr" : ["LastZxid","NodeCount","WatchCount"],
"resultAlias" : "_ReplicatedServer_id1_replica.1_Follower_InMemoryDataTree",
"outputWriters" : [{
"@class" : "com.googlecode.jmxtrans.model.output.InfluxDbWriterFactory",
"url" : "http://172.18.2.29:8086/",
"username" : "root",
"password" : "root123",
"database" : "zkJmx"
}
]
}
, {
"obj" : "org.apache.ZooKeeperService:name0=ReplicatedServer_id1",
"attr" : ["QuorumSize","Name"],
"resultAlias" : "_ReplicatedServer_id1",
"outputWriters" : [{
"@class" : "com.googlecode.jmxtrans.model.output.InfluxDbWriterFactory",
"url" : "http://172.18.2.29:8086/",
"username" : "root",
"password" : "root123",
"database" : "zkJmx"
}
]
}
, {
"obj" : "org.apache.ZooKeeperService:name0=ReplicatedServer_id1,name1=replica.1,name2=Follower",
"attr" : ["LastQueuedZxid","PendingRevalidationCount","QuorumAddress","ElectionTimeTaken","AvgRequestLatency","MaxRequestLatency","MinRequestLatency","PacketsReceived","PacketsSent","Version","StartTime","TickTime","MinSessionTimeout","MaxSessionTimeout","MaxClientCnxnsPerHost","ClientPort","OutstandingRequests","NumAliveConnections"],
"resultAlias" : "_ReplicatedServer_id1_replica.1_Follower",
"outputWriters" : [{
"@class" : "com.googlecode.jmxtrans.model.output.InfluxDbWriterFactory",
"url" : "http://172.18.2.29:8086/",
"username" : "root",
"password" : "root123",
"database" : "zkJmx"
}
]
}
, {
"obj" : "log4j:logger=org.apache.zookeeper.server.ZooKeeperThread",
"attr" : ["name","priority"],
"resultAlias" : "_org.apache.zookeeper.server.ZooKeeperThread",
"outputWriters" : [{
"@class" : "com.googlecode.jmxtrans.model.output.InfluxDbWriterFactory",
"url" : "http://172.18.2.29:8086/",
"username" : "root",
"password" : "root123",
"database" : "zkJmx"
}
]
}
, {
"obj" : "org.apache.ZooKeeperService:name0=ReplicatedServer_id1,name1=replica.2",
"attr" : ["QuorumAddress","Name"],
"resultAlias" : "_ReplicatedServer_id1_replica.2",
"outputWriters" : [{
"@class" : "com.googlecode.jmxtrans.model.output.InfluxDbWriterFactory",
"url" : "http://172.18.2.29:8086/",
"username" : "root",
"password" : "root123",
"database" : "zkJmx"
}
]
}
, {
"obj" : "org.apache.ZooKeeperService:name0=ReplicatedServer_id1,name1=replica.1",
"attr" : ["TickTime","InitLimit","SyncLimit","MinSessionTimeout","MaxSessionTimeout","QuorumAddress","MaxClientCnxnsPerHost","Tick","ElectionType","State","StartTime","Name"],
"resultAlias" : "_ReplicatedServer_id1_replica.1",
"outputWriters" : [{
"@class" : "com.googlecode.jmxtrans.model.output.InfluxDbWriterFactory",
"url" : "http://172.18.2.29:8086/",
"username" : "root",
"password" : "root123",
"database" : "zkJmx"
}
]
}
, {
"obj" : "org.apache.ZooKeeperService:name0=ReplicatedServer_id1,name1=replica.3",
"attr" : ["QuorumAddress","Name"],
"resultAlias" : "_ReplicatedServer_id1_replica.3",
"outputWriters" : [{
"@class" : "com.googlecode.jmxtrans.model.output.InfluxDbWriterFactory",
"url" : "http://172.18.2.29:8086/",
"username" : "root",
"password" : "root123",
"database" : "zkJmx"
}
]
}
]
}
, {
"host" : "172.18.2.11",
"port" : "40001",
"queries" : [{
"obj" : "org.apache.ZooKeeperService:name0=ReplicatedServer_id2,name1=replica.3",
"attr" : ["QuorumAddress","Name"],
"resultAlias" : "_ReplicatedServer_id2_replica.3",
"outputWriters" : [{
"@class" : "com.googlecode.jmxtrans.model.output.InfluxDbWriterFactory",
"url" : "http://172.18.2.29:8086/",
"username" : "root",
"password" : "root123",
"database" : "zkJmx"
}
]
}
, {
"obj" : "org.apache.ZooKeeperService:name0=ReplicatedServer_id2",
"attr" : ["QuorumSize","Name"],
"resultAlias" : "_ReplicatedServer_id2",
"outputWriters" : [{
"@class" : "com.googlecode.jmxtrans.model.output.InfluxDbWriterFactory",
"url" : "http://172.18.2.29:8086/",
"username" : "root",
"password" : "root123",
"database" : "zkJmx"
}
]
}
, {
"obj" : "org.apache.ZooKeeperService:name0=ReplicatedServer_id2,name1=replica.2",
"attr" : ["TickTime","InitLimit","SyncLimit","MinSessionTimeout","MaxSessionTimeout","MaxClientCnxnsPerHost","Tick","ElectionType","QuorumAddress","State","StartTime","Name"],
"resultAlias" : "_ReplicatedServer_id2_replica.2",
"outputWriters" : [{
"@class" : "com.googlecode.jmxtrans.model.output.InfluxDbWriterFactory",
"url" : "http://172.18.2.29:8086/",
"username" : "root",
"password" : "root123",
"database" : "zkJmx"
}
]
}
, {
"obj" : "org.apache.ZooKeeperService:name0=ReplicatedServer_id2,name1=replica.1",
"attr" : ["QuorumAddress","Name"],
"resultAlias" : "_ReplicatedServer_id2_replica.1",
"outputWriters" : [{
"@class" : "com.googlecode.jmxtrans.model.output.InfluxDbWriterFactory",
"url" : "http://172.18.2.29:8086/",
"username" : "root",
"password" : "root123",
"database" : "zkJmx"
}
]
}
, {
"obj" : "org.apache.ZooKeeperService:name0=ReplicatedServer_id2,name1=replica.2,name2=Follower,name3=InMemoryDataTree",
"attr" : ["LastZxid","NodeCount","WatchCount"],
"resultAlias" : "_ReplicatedServer_id2_replica.2_Follower_InMemoryDataTree",
"outputWriters" : [{
"@class" : "com.googlecode.jmxtrans.model.output.InfluxDbWriterFactory",
"url" : "http://172.18.2.29:8086/",
"username" : "root",
"password" : "root123",
"database" : "zkJmx"
}
]
}
, {
"obj" : "org.apache.ZooKeeperService:name0=ReplicatedServer_id2,name1=replica.2,name2=Follower",
"attr" : ["LastQueuedZxid","PendingRevalidationCount","QuorumAddress","ElectionTimeTaken","AvgRequestLatency","MaxRequestLatency","MinRequestLatency","PacketsReceived","PacketsSent","StartTime","Version","TickTime","MinSessionTimeout","MaxSessionTimeout","MaxClientCnxnsPerHost","ClientPort","OutstandingRequests","NumAliveConnections"],
"resultAlias" : "_ReplicatedServer_id2_replica.2_Follower",
"outputWriters" : [{
"@class" : "com.googlecode.jmxtrans.model.output.InfluxDbWriterFactory",
"url" : "http://172.18.2.29:8086/",
"username" : "root",
"password" : "root123",
"database" : "zkJmx"
}
]
}
, {
"obj" : "log4j:logger=org.apache.zookeeper.server.ZooKeeperThread",
"attr" : ["name","priority"],
"resultAlias" : "_org.apache.zookeeper.server.ZooKeeperThread",
"outputWriters" : [{
"@class" : "com.googlecode.jmxtrans.model.output.InfluxDbWriterFactory",
"url" : "http://172.18.2.29:8086/",
"username" : "root",
"password" : "root123",
"database" : "zkJmx"
}
]
}
]
}
, {
"host" : "172.18.2.37",
"port" : "40001",
"queries" : [{
"obj" : "org.apache.ZooKeeperService:name0=ReplicatedServer_id3",
"attr" : ["QuorumSize","Name"],
"resultAlias" : "_ReplicatedServer_id3",
"outputWriters" : [{
"@class" : "com.googlecode.jmxtrans.model.output.InfluxDbWriterFactory",
"url" : "http://172.18.2.29:8086/",
"username" : "root",
"password" : "root123",
"database" : "zkJmx"
}
]
}
, {
"obj" : "org.apache.ZooKeeperService:name0=ReplicatedServer_id3,name1=replica.3,name2=Leader,name3=InMemoryDataTree",
"attr" : ["LastZxid","NodeCount","WatchCount"],
"resultAlias" : "_ReplicatedServer_id3_replica.3_Leader_InMemoryDataTree",
"outputWriters" : [{
"@class" : "com.googlecode.jmxtrans.model.output.InfluxDbWriterFactory",
"url" : "http://172.18.2.29:8086/",
"username" : "root",
"password" : "root123",
"database" : "zkJmx"
}
]
}
, {
"obj" : "log4j:logger=org.apache.zookeeper.server.ZooKeeperThread",
"attr" : ["name","priority"],
"resultAlias" : "_org.apache.zookeeper.server.ZooKeeperThread",
"outputWriters" : [{
"@class" : "com.googlecode.jmxtrans.model.output.InfluxDbWriterFactory",
"url" : "http://172.18.2.29:8086/",
"username" : "root",
"password" : "root123",
"database" : "zkJmx"
}
]
}
, {
"obj" : "org.apache.ZooKeeperService:name0=ReplicatedServer_id3,name1=replica.3,name2=Leader",
"attr" : ["CurrentZxid","ElectionTimeTaken","AvgRequestLatency","MaxRequestLatency","MinRequestLatency","PacketsReceived","PacketsSent","StartTime","Version","TickTime","MinSessionTimeout","MaxSessionTimeout","MaxClientCnxnsPerHost","ClientPort","OutstandingRequests","NumAliveConnections"],
"resultAlias" : "_ReplicatedServer_id3_replica.3_Leader",
"outputWriters" : [{
"@class" : "com.googlecode.jmxtrans.model.output.InfluxDbWriterFactory",
"url" : "http://172.18.2.29:8086/",
"username" : "root",
"password" : "root123",
"database" : "zkJmx"
}
]
}
, {
"obj" : "org.apache.ZooKeeperService:name0=ReplicatedServer_id3,name1=replica.2",
"attr" : ["QuorumAddress","Name"],
"resultAlias" : "_ReplicatedServer_id3_replica.2",
"outputWriters" : [{
"@class" : "com.googlecode.jmxtrans.model.output.InfluxDbWriterFactory",
"url" : "http://172.18.2.29:8086/",
"username" : "root",
"password" : "root123",
"database" : "zkJmx"
}
]
}
, {
"obj" : "org.apache.ZooKeeperService:name0=ReplicatedServer_id3,name1=replica.1",
"attr" : ["QuorumAddress","Name"],
"resultAlias" : "_ReplicatedServer_id3_replica.1",
"outputWriters" : [{
"@class" : "com.googlecode.jmxtrans.model.output.InfluxDbWriterFactory",
"url" : "http://172.18.2.29:8086/",
"username" : "root",
"password" : "root123",
"database" : "zkJmx"
}
]
}
, {
"obj" : "org.apache.ZooKeeperService:name0=ReplicatedServer_id3,name1=replica.3",
"attr" : ["TickTime","InitLimit","SyncLimit","MinSessionTimeout","MaxSessionTimeout","QuorumAddress","MaxClientCnxnsPerHost","Tick","ElectionType","State","StartTime","Name"],
"resultAlias" : "_ReplicatedServer_id3_replica.3",
"outputWriters" : [{
"@class" : "com.googlecode.jmxtrans.model.output.InfluxDbWriterFactory",
"url" : "http://172.18.2.29:8086/",
"username" : "root",
"password" : "root123",
"database" : "zkJmx"
}
]
}
]
}
]
}
