{
"servers" : [{
"host" : "172.18.2.11",
"port" : "40003",
"queries" : [{
"obj" : "Hadoop:service=NameNode,name=JvmMetrics",
"attr" : ["MemNonHeapUsedM","MemNonHeapCommittedM","MemNonHeapMaxM","MemHeapUsedM","MemHeapCommittedM","MemHeapMaxM","MemMaxM","GcCountPS Scavenge","GcTimeMillisPS Scavenge","GcCountPS MarkSweep","GcTimeMillisPS MarkSweep","GcCount","GcTimeMillis","GcNumWarnThresholdExceeded","GcNumInfoThresholdExceeded","GcTotalExtraSleepTime","ThreadsNew","ThreadsRunnable","ThreadsBlocked","ThreadsWaiting","ThreadsTimedWaiting","ThreadsTerminated","LogFatal","LogError","LogWarn","LogInfo"],
"resultAlias" : "NameNode_JvmMetrics",
"outputWriters" : [{
"@class" : "com.googlecode.jmxtrans.model.output.InfluxDbWriterFactory",
"url" : "http://172.18.2.29:8086/",
"username" : "root",
"password" : "root123",
"database" : "hdfsJmx"
}
]
}
, {
"obj" : "Hadoop:service=NameNode,name=StartupProgress",
"attr" : ["ElapsedTime","PercentComplete","LoadingFsImageCount","LoadingFsImageElapsedTime","LoadingFsImageTotal","LoadingFsImagePercentComplete","LoadingEditsCount","LoadingEditsElapsedTime","LoadingEditsTotal","LoadingEditsPercentComplete","SavingCheckpointCount","SavingCheckpointElapsedTime","SavingCheckpointTotal","SavingCheckpointPercentComplete","SafeModeCount","SafeModeElapsedTime","SafeModeTotal","SafeModePercentComplete"],
"resultAlias" : "NameNode_StartupProgress",
"outputWriters" : [{
"@class" : "com.googlecode.jmxtrans.model.output.InfluxDbWriterFactory",
"url" : "http://172.18.2.29:8086/",
"username" : "root",
"password" : "root123",
"database" : "hdfsJmx"
}
]
}
, {
"obj" : "Hadoop:service=NameNode,name=FSNamesystem",
"attr" : ["MissingBlocks","MissingReplOneBlocks","ExpiredHeartbeats","TransactionsSinceLastCheckpoint","TransactionsSinceLastLogRoll","LastWrittenTransactionId","LastCheckpointTime","CapacityTotal","CapacityTotalGB","CapacityUsed","CapacityUsedGB","CapacityRemaining","CapacityRemainingGB","CapacityUsedNonDFS","TotalLoad","SnapshottableDirectories","Snapshots","BlocksTotal","FilesTotal","PendingReplicationBlocks","UnderReplicatedBlocks","CorruptBlocks","ScheduledReplicationBlocks","PendingDeletionBlocks","ExcessBlocks","PostponedMisreplicatedBlocks","PendingDataNodeMessageCount","MillisSinceLastLoadedEdits","BlockCapacity","StaleDataNodes","TotalFiles"],
"resultAlias" : "NameNode_FSNamesystem",
"outputWriters" : [{
"@class" : "com.googlecode.jmxtrans.model.output.InfluxDbWriterFactory",
"url" : "http://172.18.2.29:8086/",
"username" : "root",
"password" : "root123",
"database" : "hdfsJmx"
}
]
}
, {
"obj" : "Hadoop:service=NameNode,name=RpcDetailedActivityForPort9000",
"attr" : ["RetriableExceptionNumOps","RetriableExceptionAvgTime","SendHeartbeatNumOps","SendHeartbeatAvgTime","VersionRequestNumOps","VersionRequestAvgTime","RegisterDatanodeNumOps","RegisterDatanodeAvgTime","BlockReportNumOps","BlockReportAvgTime","GetTransactionIdNumOps","GetTransactionIdAvgTime","GetListingNumOps","GetListingAvgTime","GetFileInfoNumOps","GetFileInfoAvgTime","DeleteNumOps","DeleteAvgTime","MkdirsNumOps","MkdirsAvgTime","SetPermissionNumOps","SetPermissionAvgTime","CreateNumOps","CreateAvgTime","AddBlockNumOps","AddBlockAvgTime","GetServerDefaultsNumOps","GetServerDefaultsAvgTime","BlockReceivedAndDeletedNumOps","BlockReceivedAndDeletedAvgTime","RefreshNodesNumOps","RefreshNodesAvgTime","CompleteNumOps","CompleteAvgTime","SetReplicationNumOps","SetReplicationAvgTime","UnregisteredNodeExceptionNumOps","UnregisteredNodeExceptionAvgTime","GetBlockLocationsNumOps","GetBlockLocationsAvgTime","FsyncNumOps","FsyncAvgTime","RenewLeaseNumOps","RenewLeaseAvgTime","RenameNumOps","RenameAvgTime","SetTimesNumOps","SetTimesAvgTime","GetAdditionalDatanodeNumOps","GetAdditionalDatanodeAvgTime","UpdateBlockForPipelineNumOps","UpdateBlockForPipelineAvgTime","UpdatePipelineNumOps","UpdatePipelineAvgTime","AbandonBlockNumOps","AbandonBlockAvgTime","RollEditLogNumOps","RollEditLogAvgTime","GetEditLogManifestNumOps","GetEditLogManifestAvgTime","GetEZForPathNumOps","GetEZForPathAvgTime","Rename2NumOps","Rename2AvgTime"],
"resultAlias" : "NameNode_RpcDetailedActivityForPort9000",
"outputWriters" : [{
"@class" : "com.googlecode.jmxtrans.model.output.InfluxDbWriterFactory",
"url" : "http://172.18.2.29:8086/",
"username" : "root",
"password" : "root123",
"database" : "hdfsJmx"
}
]
}
, {
"obj" : "Hadoop:service=NameNode,name=MetricsSystem,sub=Stats",
"attr" : ["NumActiveSources","NumAllSources","NumActiveSinks","NumAllSinks","SnapshotNumOps","SnapshotAvgTime","PublishNumOps","PublishAvgTime","DroppedPubAll"],
"resultAlias" : "NameNode_MetricsSystem_Stats",
"outputWriters" : [{
"@class" : "com.googlecode.jmxtrans.model.output.InfluxDbWriterFactory",
"url" : "http://172.18.2.29:8086/",
"username" : "root",
"password" : "root123",
"database" : "hdfsJmx"
}
]
}
, {
"obj" : "Hadoop:service=NameNode,name=NameNodeActivity",
"attr" : ["CreateFileOps","FilesCreated","FilesAppended","GetBlockLocations","FilesRenamed","FilesTruncated","GetListingOps","DeleteFileOps","FilesDeleted","FileInfoOps","AddBlockOps","GetAdditionalDatanodeOps","CreateSymlinkOps","GetLinkTargetOps","FilesInGetListingOps","AllowSnapshotOps","DisallowSnapshotOps","CreateSnapshotOps","DeleteSnapshotOps","RenameSnapshotOps","ListSnapshottableDirOps","SnapshotDiffReportOps","BlockReceivedAndDeletedOps","StorageBlockReportOps","TransactionsNumOps","TransactionsAvgTime","SyncsNumOps","SyncsAvgTime","TransactionsBatchedInSync","BlockReportNumOps","BlockReportAvgTime","CacheReportNumOps","CacheReportAvgTime","SafeModeTime","FsImageLoadTime","GetEditNumOps","GetEditAvgTime","GetImageNumOps","GetImageAvgTime","PutImageNumOps","PutImageAvgTime","TotalFileOps"],
"resultAlias" : "NameNode_NameNodeActivity",
"outputWriters" : [{
"@class" : "com.googlecode.jmxtrans.model.output.InfluxDbWriterFactory",
"url" : "http://172.18.2.29:8086/",
"username" : "root",
"password" : "root123",
"database" : "hdfsJmx"
}
]
}
, {
"obj" : "Hadoop:service=NameNode,name=NameNodeStatus",
"attr" : ["NNRole","HostAndPort","SecurityEnabled","LastHATransitionTime","State"],
"resultAlias" : "NameNode_NameNodeStatus",
"outputWriters" : [{
"@class" : "com.googlecode.jmxtrans.model.output.InfluxDbWriterFactory",
"url" : "http://172.18.2.29:8086/",
"username" : "root",
"password" : "root123",
"database" : "hdfsJmx"
}
]
}
, {
"obj" : "Hadoop:service=NameNode,name=NameNodeInfo",
"attr" : ["Used","Total","Version","UpgradeFinalized","ClusterId","Free","Safemode","NonDfsUsedSpace","PercentUsed","BlockPoolUsedSpace","PercentBlockPoolUsed","PercentRemaining","CacheCapacity","CacheUsed","TotalBlocks","TotalFiles","NumberOfMissingBlocks","NumberOfMissingBlocksWithReplicationFactorOne","LiveNodes","DeadNodes","DecomNodes","BlockPoolId","NameDirStatuses","NodeUsage","NameJournalStatus","JournalTransactionInfo","NNStarted","CompileInfo","CorruptFiles","DistinctVersionCount","DistinctVersions","SoftwareVersion","RollingUpgradeStatus","Threads"],
"resultAlias" : "NameNode_NameNodeInfo",
"outputWriters" : [{
"@class" : "com.googlecode.jmxtrans.model.output.InfluxDbWriterFactory",
"url" : "http://172.18.2.29:8086/",
"username" : "root",
"password" : "root123",
"database" : "hdfsJmx"
}
]
}
, {
"obj" : "Hadoop:service=NameNode,name=SnapshotInfo",
"attr" : ["SnapshottableDirectories","Snapshots"],
"resultAlias" : "NameNode_SnapshotInfo",
"outputWriters" : [{
"@class" : "com.googlecode.jmxtrans.model.output.InfluxDbWriterFactory",
"url" : "http://172.18.2.29:8086/",
"username" : "root",
"password" : "root123",
"database" : "hdfsJmx"
}
]
}
, {
"obj" : "Hadoop:service=NameNode,name=RpcActivityForPort9000",
"attr" : ["ReceivedBytes","SentBytes","RpcQueueTimeNumOps","RpcQueueTimeAvgTime","RpcProcessingTimeNumOps","RpcProcessingTimeAvgTime","RpcAuthenticationFailures","RpcAuthenticationSuccesses","RpcAuthorizationFailures","RpcAuthorizationSuccesses","NumOpenConnections","CallQueueLength"],
"resultAlias" : "NameNode_RpcActivityForPort9000",
"outputWriters" : [{
"@class" : "com.googlecode.jmxtrans.model.output.InfluxDbWriterFactory",
"url" : "http://172.18.2.29:8086/",
"username" : "root",
"password" : "root123",
"database" : "hdfsJmx"
}
]
}
, {
"obj" : "Hadoop:service=NameNode,name=FSNamesystemState",
"attr" : ["CapacityTotal","CapacityUsed","CapacityRemaining","TotalLoad","SnapshotStats","BlocksTotal","MaxObjects","FilesTotal","PendingReplicationBlocks","UnderReplicatedBlocks","ScheduledReplicationBlocks","PendingDeletionBlocks","BlockDeletionStartTime","FSState","NumLiveDataNodes","NumDeadDataNodes","NumDecomLiveDataNodes","NumDecomDeadDataNodes","VolumeFailuresTotal","EstimatedCapacityLostTotal","NumDecommissioningDataNodes","NumStaleDataNodes","NumStaleStorages","TopUserOpCounts"],
"resultAlias" : "NameNode_FSNamesystemState",
"outputWriters" : [{
"@class" : "com.googlecode.jmxtrans.model.output.InfluxDbWriterFactory",
"url" : "http://172.18.2.29:8086/",
"username" : "root",
"password" : "root123",
"database" : "hdfsJmx"
}
]
}
, {
"obj" : "Hadoop:service=NameNode,name=RetryCache.NameNodeRetryCache",
"attr" : ["CacheHit","CacheCleared","CacheUpdated"],
"resultAlias" : "NameNode_RetryCache.NameNodeRetryCache",
"outputWriters" : [{
"@class" : "com.googlecode.jmxtrans.model.output.InfluxDbWriterFactory",
"url" : "http://172.18.2.29:8086/",
"username" : "root",
"password" : "root123",
"database" : "hdfsJmx"
}
]
}
, {
"obj" : "Hadoop:service=NameNode,name=UgiMetrics",
"attr" : ["LoginSuccessNumOps","LoginSuccessAvgTime","LoginFailureNumOps","LoginFailureAvgTime","GetGroupsNumOps","GetGroupsAvgTime"],
"resultAlias" : "NameNode_UgiMetrics",
"outputWriters" : [{
"@class" : "com.googlecode.jmxtrans.model.output.InfluxDbWriterFactory",
"url" : "http://172.18.2.29:8086/",
"username" : "root",
"password" : "root123",
"database" : "hdfsJmx"
}
]
}
]
}
, {
"host" : "172.18.2.10",
"port" : "40004",
"queries" : [{
"obj" : "Hadoop:service=DataNode,name=JvmMetrics",
"attr" : ["MemNonHeapUsedM","MemNonHeapCommittedM","MemNonHeapMaxM","MemHeapUsedM","MemHeapCommittedM","MemHeapMaxM","MemMaxM","GcCountPS Scavenge","GcTimeMillisPS Scavenge","GcCountPS MarkSweep","GcTimeMillisPS MarkSweep","GcCount","GcTimeMillis","GcNumWarnThresholdExceeded","GcNumInfoThresholdExceeded","GcTotalExtraSleepTime","ThreadsNew","ThreadsRunnable","ThreadsBlocked","ThreadsWaiting","ThreadsTimedWaiting","ThreadsTerminated","LogFatal","LogError","LogWarn","LogInfo"],
"resultAlias" : "DataNode_JvmMetrics",
"outputWriters" : [{
"@class" : "com.googlecode.jmxtrans.model.output.InfluxDbWriterFactory",
"url" : "http://172.18.2.29:8086/",
"username" : "root",
"password" : "root123",
"database" : "hdfsJmx"
}
]
}
, {
"obj" : "Hadoop:service=DataNode,name=DataNodeActivity-node-5-50010",
"attr" : ["BytesWritten","TotalWriteTime","BytesRead","TotalReadTime","BlocksWritten","BlocksRead","BlocksReplicated","BlocksRemoved","BlocksVerified","BlockVerificationFailures","BlocksCached","BlocksUncached","ReadsFromLocalClient","ReadsFromRemoteClient","WritesFromLocalClient","WritesFromRemoteClient","BlocksGetLocalPathInfo","RemoteBytesRead","RemoteBytesWritten","RamDiskBlocksWrite","RamDiskBlocksWriteFallback","RamDiskBytesWrite","RamDiskBlocksReadHits","RamDiskBlocksEvicted","RamDiskBlocksEvictedWithoutRead","RamDiskBlocksEvictionWindowMsNumOps","RamDiskBlocksEvictionWindowMsAvgTime","RamDiskBlocksLazyPersisted","RamDiskBlocksDeletedBeforeLazyPersisted","RamDiskBytesLazyPersisted","RamDiskBlocksLazyPersistWindowMsNumOps","RamDiskBlocksLazyPersistWindowMsAvgTime","FsyncCount","VolumeFailures","DatanodeNetworkErrors","ReadBlockOpNumOps","ReadBlockOpAvgTime","WriteBlockOpNumOps","WriteBlockOpAvgTime","BlockChecksumOpNumOps","BlockChecksumOpAvgTime","CopyBlockOpNumOps","CopyBlockOpAvgTime","ReplaceBlockOpNumOps","ReplaceBlockOpAvgTime","HeartbeatsNumOps","HeartbeatsAvgTime","BlockReportsNumOps","BlockReportsAvgTime","IncrementalBlockReportsNumOps","IncrementalBlockReportsAvgTime","CacheReportsNumOps","CacheReportsAvgTime","PacketAckRoundTripTimeNanosNumOps","PacketAckRoundTripTimeNanosAvgTime","FlushNanosNumOps","FlushNanosAvgTime","FsyncNanosNumOps","FsyncNanosAvgTime","SendDataPacketBlockedOnNetworkNanosNumOps","SendDataPacketBlockedOnNetworkNanosAvgTime","SendDataPacketTransferNanosNumOps","SendDataPacketTransferNanosAvgTime"],
"resultAlias" : "DataNode_DataNodeActivity",
"outputWriters" : [{
"@class" : "com.googlecode.jmxtrans.model.output.InfluxDbWriterFactory",
"url" : "http://172.18.2.29:8086/",
"username" : "root",
"password" : "root123",
"database" : "hdfsJmx"
}
]
}
, {
"obj" : "Hadoop:service=DataNode,name=MetricsSystem,sub=Stats",
"attr" : ["NumActiveSources","NumAllSources","NumActiveSinks","NumAllSinks","SnapshotNumOps","SnapshotAvgTime","PublishNumOps","PublishAvgTime","DroppedPubAll"],
"resultAlias" : "DataNode_MetricsSystem_Stats",
"outputWriters" : [{
"@class" : "com.googlecode.jmxtrans.model.output.InfluxDbWriterFactory",
"url" : "http://172.18.2.29:8086/",
"username" : "root",
"password" : "root123",
"database" : "hdfsJmx"
}
]
}
, {
"obj" : "Hadoop:service=DataNode,name=DataNodeInfo",
"attr" : ["Version","XceiverCount","DatanodeNetworkCounts","RpcPort","HttpPort","NamenodeAddresses","VolumeInfo","ClusterId"],
"resultAlias" : "DataNode_DataNodeInfo",
"outputWriters" : [{
"@class" : "com.googlecode.jmxtrans.model.output.InfluxDbWriterFactory",
"url" : "http://172.18.2.29:8086/",
"username" : "root",
"password" : "root123",
"database" : "hdfsJmx"
}
]
}
, {
"obj" : "Hadoop:service=DataNode,name=FSDatasetState-null",
"attr" : ["Remaining","StorageInfo","Capacity","DfsUsed","CacheCapacity","CacheUsed","NumFailedVolumes","FailedStorageLocations","LastVolumeFailureDate","EstimatedCapacityLostTotal","NumBlocksCached","NumBlocksFailedToCache","NumBlocksFailedToUncache"],
"resultAlias" : "DataNode_FSDatasetState",
"outputWriters" : [{
"@class" : "com.googlecode.jmxtrans.model.output.InfluxDbWriterFactory",
"url" : "http://172.18.2.29:8086/",
"username" : "root",
"password" : "root123",
"database" : "hdfsJmx"
}
]
}
, {
"obj" : "Hadoop:service=DataNode,name=UgiMetrics",
"attr" : ["LoginSuccessNumOps","LoginSuccessAvgTime","LoginFailureNumOps","LoginFailureAvgTime","GetGroupsNumOps","GetGroupsAvgTime"],
"resultAlias" : "DataNode_UgiMetrics",
"outputWriters" : [{
"@class" : "com.googlecode.jmxtrans.model.output.InfluxDbWriterFactory",
"url" : "http://172.18.2.29:8086/",
"username" : "root",
"password" : "root123",
"database" : "hdfsJmx"
}
]
}
, {
"obj" : "Hadoop:service=DataNode,name=RpcActivityForPort50020",
"attr" : ["ReceivedBytes","SentBytes","RpcQueueTimeNumOps","RpcQueueTimeAvgTime","RpcProcessingTimeNumOps","RpcProcessingTimeAvgTime","RpcAuthenticationFailures","RpcAuthenticationSuccesses","RpcAuthorizationFailures","RpcAuthorizationSuccesses","NumOpenConnections","CallQueueLength"],
"resultAlias" : "DataNode_RpcActivityForPort50020",
"outputWriters" : [{
"@class" : "com.googlecode.jmxtrans.model.output.InfluxDbWriterFactory",
"url" : "http://172.18.2.29:8086/",
"username" : "root",
"password" : "root123",
"database" : "hdfsJmx"
}
]
}
]
}
, {
"host" : "172.18.2.11",
"port" : "40004",
"queries" : [{
"obj" : "Hadoop:service=DataNode,name=DataNodeActivity-node-2-50010",
"attr" : ["BytesWritten","TotalWriteTime","BytesRead","TotalReadTime","BlocksWritten","BlocksRead","BlocksReplicated","BlocksRemoved","BlocksVerified","BlockVerificationFailures","BlocksCached","BlocksUncached","ReadsFromLocalClient","ReadsFromRemoteClient","WritesFromLocalClient","WritesFromRemoteClient","BlocksGetLocalPathInfo","RemoteBytesRead","RemoteBytesWritten","RamDiskBlocksWrite","RamDiskBlocksWriteFallback","RamDiskBytesWrite","RamDiskBlocksReadHits","RamDiskBlocksEvicted","RamDiskBlocksEvictedWithoutRead","RamDiskBlocksEvictionWindowMsNumOps","RamDiskBlocksEvictionWindowMsAvgTime","RamDiskBlocksLazyPersisted","RamDiskBlocksDeletedBeforeLazyPersisted","RamDiskBytesLazyPersisted","RamDiskBlocksLazyPersistWindowMsNumOps","RamDiskBlocksLazyPersistWindowMsAvgTime","FsyncCount","VolumeFailures","DatanodeNetworkErrors","ReadBlockOpNumOps","ReadBlockOpAvgTime","WriteBlockOpNumOps","WriteBlockOpAvgTime","BlockChecksumOpNumOps","BlockChecksumOpAvgTime","CopyBlockOpNumOps","CopyBlockOpAvgTime","ReplaceBlockOpNumOps","ReplaceBlockOpAvgTime","HeartbeatsNumOps","HeartbeatsAvgTime","BlockReportsNumOps","BlockReportsAvgTime","IncrementalBlockReportsNumOps","IncrementalBlockReportsAvgTime","CacheReportsNumOps","CacheReportsAvgTime","PacketAckRoundTripTimeNanosNumOps","PacketAckRoundTripTimeNanosAvgTime","FlushNanosNumOps","FlushNanosAvgTime","FsyncNanosNumOps","FsyncNanosAvgTime","SendDataPacketBlockedOnNetworkNanosNumOps","SendDataPacketBlockedOnNetworkNanosAvgTime","SendDataPacketTransferNanosNumOps","SendDataPacketTransferNanosAvgTime"],
"resultAlias" : "DataNode_DataNodeActivity",
"outputWriters" : [{
"@class" : "com.googlecode.jmxtrans.model.output.InfluxDbWriterFactory",
"url" : "http://172.18.2.29:8086/",
"username" : "root",
"password" : "root123",
"database" : "hdfsJmx"
}
]
}
, {
"obj" : "Hadoop:service=DataNode,name=JvmMetrics",
"attr" : ["MemNonHeapUsedM","MemNonHeapCommittedM","MemNonHeapMaxM","MemHeapUsedM","MemHeapCommittedM","MemHeapMaxM","MemMaxM","GcCountPS Scavenge","GcTimeMillisPS Scavenge","GcCountPS MarkSweep","GcTimeMillisPS MarkSweep","GcCount","GcTimeMillis","GcNumWarnThresholdExceeded","GcNumInfoThresholdExceeded","GcTotalExtraSleepTime","ThreadsNew","ThreadsRunnable","ThreadsBlocked","ThreadsWaiting","ThreadsTimedWaiting","ThreadsTerminated","LogFatal","LogError","LogWarn","LogInfo"],
"resultAlias" : "DataNode_JvmMetrics",
"outputWriters" : [{
"@class" : "com.googlecode.jmxtrans.model.output.InfluxDbWriterFactory",
"url" : "http://172.18.2.29:8086/",
"username" : "root",
"password" : "root123",
"database" : "hdfsJmx"
}
]
}
, {
"obj" : "Hadoop:service=DataNode,name=MetricsSystem,sub=Stats",
"attr" : ["NumActiveSources","NumAllSources","NumActiveSinks","NumAllSinks","SnapshotNumOps","SnapshotAvgTime","PublishNumOps","PublishAvgTime","DroppedPubAll"],
"resultAlias" : "DataNode_MetricsSystem_Stats",
"outputWriters" : [{
"@class" : "com.googlecode.jmxtrans.model.output.InfluxDbWriterFactory",
"url" : "http://172.18.2.29:8086/",
"username" : "root",
"password" : "root123",
"database" : "hdfsJmx"
}
]
}
, {
"obj" : "Hadoop:service=DataNode,name=DataNodeInfo",
"attr" : ["Version","XceiverCount","DatanodeNetworkCounts","RpcPort","HttpPort","NamenodeAddresses","VolumeInfo","ClusterId"],
"resultAlias" : "DataNode_DataNodeInfo",
"outputWriters" : [{
"@class" : "com.googlecode.jmxtrans.model.output.InfluxDbWriterFactory",
"url" : "http://172.18.2.29:8086/",
"username" : "root",
"password" : "root123",
"database" : "hdfsJmx"
}
]
}
, {
"obj" : "Hadoop:service=DataNode,name=FSDatasetState-null",
"attr" : ["Remaining","StorageInfo","Capacity","DfsUsed","CacheCapacity","CacheUsed","NumFailedVolumes","FailedStorageLocations","LastVolumeFailureDate","EstimatedCapacityLostTotal","NumBlocksCached","NumBlocksFailedToCache","NumBlocksFailedToUncache"],
"resultAlias" : "DataNode_FSDatasetState",
"outputWriters" : [{
"@class" : "com.googlecode.jmxtrans.model.output.InfluxDbWriterFactory",
"url" : "http://172.18.2.29:8086/",
"username" : "root",
"password" : "root123",
"database" : "hdfsJmx"
}
]
}
, {
"obj" : "Hadoop:service=DataNode,name=UgiMetrics",
"attr" : ["LoginSuccessNumOps","LoginSuccessAvgTime","LoginFailureNumOps","LoginFailureAvgTime","GetGroupsNumOps","GetGroupsAvgTime"],
"resultAlias" : "DataNode_UgiMetrics",
"outputWriters" : [{
"@class" : "com.googlecode.jmxtrans.model.output.InfluxDbWriterFactory",
"url" : "http://172.18.2.29:8086/",
"username" : "root",
"password" : "root123",
"database" : "hdfsJmx"
}
]
}
, {
"obj" : "Hadoop:service=DataNode,name=RpcActivityForPort50020",
"attr" : ["ReceivedBytes","SentBytes","RpcQueueTimeNumOps","RpcQueueTimeAvgTime","RpcProcessingTimeNumOps","RpcProcessingTimeAvgTime","RpcAuthenticationFailures","RpcAuthenticationSuccesses","RpcAuthorizationFailures","RpcAuthorizationSuccesses","NumOpenConnections","CallQueueLength"],
"resultAlias" : "DataNode_RpcActivityForPort50020",
"outputWriters" : [{
"@class" : "com.googlecode.jmxtrans.model.output.InfluxDbWriterFactory",
"url" : "http://172.18.2.29:8086/",
"username" : "root",
"password" : "root123",
"database" : "hdfsJmx"
}
]
}
]
}
, {
"host" : "172.18.2.19",
"port" : "40004",
"queries" : [{
"obj" : "Hadoop:service=DataNode,name=JvmMetrics",
"attr" : ["MemNonHeapUsedM","MemNonHeapCommittedM","MemNonHeapMaxM","MemHeapUsedM","MemHeapCommittedM","MemHeapMaxM","MemMaxM","GcCountPS Scavenge","GcTimeMillisPS Scavenge","GcCountPS MarkSweep","GcTimeMillisPS MarkSweep","GcCount","GcTimeMillis","GcNumWarnThresholdExceeded","GcNumInfoThresholdExceeded","GcTotalExtraSleepTime","ThreadsNew","ThreadsRunnable","ThreadsBlocked","ThreadsWaiting","ThreadsTimedWaiting","ThreadsTerminated","LogFatal","LogError","LogWarn","LogInfo"],
"resultAlias" : "DataNode_JvmMetrics",
"outputWriters" : [{
"@class" : "com.googlecode.jmxtrans.model.output.InfluxDbWriterFactory",
"url" : "http://172.18.2.29:8086/",
"username" : "root",
"password" : "root123",
"database" : "hdfsJmx"
}
]
}
, {
"obj" : "Hadoop:service=DataNode,name=MetricsSystem,sub=Stats",
"attr" : ["NumActiveSources","NumAllSources","NumActiveSinks","NumAllSinks","SnapshotNumOps","SnapshotAvgTime","PublishNumOps","PublishAvgTime","DroppedPubAll"],
"resultAlias" : "DataNode_MetricsSystem_Stats",
"outputWriters" : [{
"@class" : "com.googlecode.jmxtrans.model.output.InfluxDbWriterFactory",
"url" : "http://172.18.2.29:8086/",
"username" : "root",
"password" : "root123",
"database" : "hdfsJmx"
}
]
}
, {
"obj" : "Hadoop:service=DataNode,name=DataNodeInfo",
"attr" : ["Version","XceiverCount","DatanodeNetworkCounts","RpcPort","HttpPort","NamenodeAddresses","VolumeInfo","ClusterId"],
"resultAlias" : "DataNode_DataNodeInfo",
"outputWriters" : [{
"@class" : "com.googlecode.jmxtrans.model.output.InfluxDbWriterFactory",
"url" : "http://172.18.2.29:8086/",
"username" : "root",
"password" : "root123",
"database" : "hdfsJmx"
}
]
}
, {
"obj" : "Hadoop:service=DataNode,name=FSDatasetState-null",
"attr" : ["Remaining","StorageInfo","Capacity","DfsUsed","CacheCapacity","CacheUsed","NumFailedVolumes","FailedStorageLocations","LastVolumeFailureDate","EstimatedCapacityLostTotal","NumBlocksCached","NumBlocksFailedToCache","NumBlocksFailedToUncache"],
"resultAlias" : "DataNode_FSDatasetState",
"outputWriters" : [{
"@class" : "com.googlecode.jmxtrans.model.output.InfluxDbWriterFactory",
"url" : "http://172.18.2.29:8086/",
"username" : "root",
"password" : "root123",
"database" : "hdfsJmx"
}
]
}
, {
"obj" : "Hadoop:service=DataNode,name=UgiMetrics",
"attr" : ["LoginSuccessNumOps","LoginSuccessAvgTime","LoginFailureNumOps","LoginFailureAvgTime","GetGroupsNumOps","GetGroupsAvgTime"],
"resultAlias" : "DataNode_UgiMetrics",
"outputWriters" : [{
"@class" : "com.googlecode.jmxtrans.model.output.InfluxDbWriterFactory",
"url" : "http://172.18.2.29:8086/",
"username" : "root",
"password" : "root123",
"database" : "hdfsJmx"
}
]
}
, {
"obj" : "Hadoop:service=DataNode,name=RpcActivityForPort50020",
"attr" : ["ReceivedBytes","SentBytes","RpcQueueTimeNumOps","RpcQueueTimeAvgTime","RpcProcessingTimeNumOps","RpcProcessingTimeAvgTime","RpcAuthenticationFailures","RpcAuthenticationSuccesses","RpcAuthorizationFailures","RpcAuthorizationSuccesses","NumOpenConnections","CallQueueLength"],
"resultAlias" : "DataNode_RpcActivityForPort50020",
"outputWriters" : [{
"@class" : "com.googlecode.jmxtrans.model.output.InfluxDbWriterFactory",
"url" : "http://172.18.2.29:8086/",
"username" : "root",
"password" : "root123",
"database" : "hdfsJmx"
}
]
}
, {
"obj" : "Hadoop:service=DataNode,name=DataNodeActivity-node-4-50010",
"attr" : ["BytesWritten","TotalWriteTime","BytesRead","TotalReadTime","BlocksWritten","BlocksRead","BlocksReplicated","BlocksRemoved","BlocksVerified","BlockVerificationFailures","BlocksCached","BlocksUncached","ReadsFromLocalClient","ReadsFromRemoteClient","WritesFromLocalClient","WritesFromRemoteClient","BlocksGetLocalPathInfo","RemoteBytesRead","RemoteBytesWritten","RamDiskBlocksWrite","RamDiskBlocksWriteFallback","RamDiskBytesWrite","RamDiskBlocksReadHits","RamDiskBlocksEvicted","RamDiskBlocksEvictedWithoutRead","RamDiskBlocksEvictionWindowMsNumOps","RamDiskBlocksEvictionWindowMsAvgTime","RamDiskBlocksLazyPersisted","RamDiskBlocksDeletedBeforeLazyPersisted","RamDiskBytesLazyPersisted","RamDiskBlocksLazyPersistWindowMsNumOps","RamDiskBlocksLazyPersistWindowMsAvgTime","FsyncCount","VolumeFailures","DatanodeNetworkErrors","ReadBlockOpNumOps","ReadBlockOpAvgTime","WriteBlockOpNumOps","WriteBlockOpAvgTime","BlockChecksumOpNumOps","BlockChecksumOpAvgTime","CopyBlockOpNumOps","CopyBlockOpAvgTime","ReplaceBlockOpNumOps","ReplaceBlockOpAvgTime","HeartbeatsNumOps","HeartbeatsAvgTime","BlockReportsNumOps","BlockReportsAvgTime","IncrementalBlockReportsNumOps","IncrementalBlockReportsAvgTime","CacheReportsNumOps","CacheReportsAvgTime","PacketAckRoundTripTimeNanosNumOps","PacketAckRoundTripTimeNanosAvgTime","FlushNanosNumOps","FlushNanosAvgTime","FsyncNanosNumOps","FsyncNanosAvgTime","SendDataPacketBlockedOnNetworkNanosNumOps","SendDataPacketBlockedOnNetworkNanosAvgTime","SendDataPacketTransferNanosNumOps","SendDataPacketTransferNanosAvgTime"],
"resultAlias" : "DataNode_DataNodeActivity",
"outputWriters" : [{
"@class" : "com.googlecode.jmxtrans.model.output.InfluxDbWriterFactory",
"url" : "http://172.18.2.29:8086/",
"username" : "root",
"password" : "root123",
"database" : "hdfsJmx"
}
]
}
]
}
, {
"host" : "172.18.2.37",
"port" : "40004",
"queries" : [{
"obj" : "Hadoop:service=DataNode,name=JvmMetrics",
"attr" : ["MemNonHeapUsedM","MemNonHeapCommittedM","MemNonHeapMaxM","MemHeapUsedM","MemHeapCommittedM","MemHeapMaxM","MemMaxM","GcCountPS Scavenge","GcTimeMillisPS Scavenge","GcCountPS MarkSweep","GcTimeMillisPS MarkSweep","GcCount","GcTimeMillis","GcNumWarnThresholdExceeded","GcNumInfoThresholdExceeded","GcTotalExtraSleepTime","ThreadsNew","ThreadsRunnable","ThreadsBlocked","ThreadsWaiting","ThreadsTimedWaiting","ThreadsTerminated","LogFatal","LogError","LogWarn","LogInfo"],
"resultAlias" : "DataNode_JvmMetrics",
"outputWriters" : [{
"@class" : "com.googlecode.jmxtrans.model.output.InfluxDbWriterFactory",
"url" : "http://172.18.2.29:8086/",
"username" : "root",
"password" : "root123",
"database" : "hdfsJmx"
}
]
}
, {
"obj" : "Hadoop:service=DataNode,name=MetricsSystem,sub=Stats",
"attr" : ["NumActiveSources","NumAllSources","NumActiveSinks","NumAllSinks","SnapshotNumOps","SnapshotAvgTime","PublishNumOps","PublishAvgTime","DroppedPubAll"],
"resultAlias" : "DataNode_MetricsSystem_Stats",
"outputWriters" : [{
"@class" : "com.googlecode.jmxtrans.model.output.InfluxDbWriterFactory",
"url" : "http://172.18.2.29:8086/",
"username" : "root",
"password" : "root123",
"database" : "hdfsJmx"
}
]
}
, {
"obj" : "Hadoop:service=DataNode,name=DataNodeActivity-node-3-50010",
"attr" : ["BytesWritten","TotalWriteTime","BytesRead","TotalReadTime","BlocksWritten","BlocksRead","BlocksReplicated","BlocksRemoved","BlocksVerified","BlockVerificationFailures","BlocksCached","BlocksUncached","ReadsFromLocalClient","ReadsFromRemoteClient","WritesFromLocalClient","WritesFromRemoteClient","BlocksGetLocalPathInfo","RemoteBytesRead","RemoteBytesWritten","RamDiskBlocksWrite","RamDiskBlocksWriteFallback","RamDiskBytesWrite","RamDiskBlocksReadHits","RamDiskBlocksEvicted","RamDiskBlocksEvictedWithoutRead","RamDiskBlocksEvictionWindowMsNumOps","RamDiskBlocksEvictionWindowMsAvgTime","RamDiskBlocksLazyPersisted","RamDiskBlocksDeletedBeforeLazyPersisted","RamDiskBytesLazyPersisted","RamDiskBlocksLazyPersistWindowMsNumOps","RamDiskBlocksLazyPersistWindowMsAvgTime","FsyncCount","VolumeFailures","DatanodeNetworkErrors","ReadBlockOpNumOps","ReadBlockOpAvgTime","WriteBlockOpNumOps","WriteBlockOpAvgTime","BlockChecksumOpNumOps","BlockChecksumOpAvgTime","CopyBlockOpNumOps","CopyBlockOpAvgTime","ReplaceBlockOpNumOps","ReplaceBlockOpAvgTime","HeartbeatsNumOps","HeartbeatsAvgTime","BlockReportsNumOps","BlockReportsAvgTime","IncrementalBlockReportsNumOps","IncrementalBlockReportsAvgTime","CacheReportsNumOps","CacheReportsAvgTime","PacketAckRoundTripTimeNanosNumOps","PacketAckRoundTripTimeNanosAvgTime","FlushNanosNumOps","FlushNanosAvgTime","FsyncNanosNumOps","FsyncNanosAvgTime","SendDataPacketBlockedOnNetworkNanosNumOps","SendDataPacketBlockedOnNetworkNanosAvgTime","SendDataPacketTransferNanosNumOps","SendDataPacketTransferNanosAvgTime"],
"resultAlias" : "DataNode_DataNodeActivity",
"outputWriters" : [{
"@class" : "com.googlecode.jmxtrans.model.output.InfluxDbWriterFactory",
"url" : "http://172.18.2.29:8086/",
"username" : "root",
"password" : "root123",
"database" : "hdfsJmx"
}
]
}
, {
"obj" : "Hadoop:service=DataNode,name=DataNodeInfo",
"attr" : ["Version","XceiverCount","DatanodeNetworkCounts","RpcPort","HttpPort","NamenodeAddresses","VolumeInfo","ClusterId"],
"resultAlias" : "DataNode_DataNodeInfo",
"outputWriters" : [{
"@class" : "com.googlecode.jmxtrans.model.output.InfluxDbWriterFactory",
"url" : "http://172.18.2.29:8086/",
"username" : "root",
"password" : "root123",
"database" : "hdfsJmx"
}
]
}
, {
"obj" : "Hadoop:service=DataNode,name=FSDatasetState-null",
"attr" : ["Remaining","StorageInfo","Capacity","DfsUsed","CacheCapacity","CacheUsed","NumFailedVolumes","FailedStorageLocations","LastVolumeFailureDate","EstimatedCapacityLostTotal","NumBlocksCached","NumBlocksFailedToCache","NumBlocksFailedToUncache"],
"resultAlias" : "DataNode_FSDatasetState",
"outputWriters" : [{
"@class" : "com.googlecode.jmxtrans.model.output.InfluxDbWriterFactory",
"url" : "http://172.18.2.29:8086/",
"username" : "root",
"password" : "root123",
"database" : "hdfsJmx"
}
]
}
, {
"obj" : "Hadoop:service=DataNode,name=UgiMetrics",
"attr" : ["LoginSuccessNumOps","LoginSuccessAvgTime","LoginFailureNumOps","LoginFailureAvgTime","GetGroupsNumOps","GetGroupsAvgTime"],
"resultAlias" : "DataNode_UgiMetrics",
"outputWriters" : [{
"@class" : "com.googlecode.jmxtrans.model.output.InfluxDbWriterFactory",
"url" : "http://172.18.2.29:8086/",
"username" : "root",
"password" : "root123",
"database" : "hdfsJmx"
}
]
}
, {
"obj" : "Hadoop:service=DataNode,name=RpcActivityForPort50020",
"attr" : ["ReceivedBytes","SentBytes","RpcQueueTimeNumOps","RpcQueueTimeAvgTime","RpcProcessingTimeNumOps","RpcProcessingTimeAvgTime","RpcAuthenticationFailures","RpcAuthenticationSuccesses","RpcAuthorizationFailures","RpcAuthorizationSuccesses","NumOpenConnections","CallQueueLength"],
"resultAlias" : "DataNode_RpcActivityForPort50020",
"outputWriters" : [{
"@class" : "com.googlecode.jmxtrans.model.output.InfluxDbWriterFactory",
"url" : "http://172.18.2.29:8086/",
"username" : "root",
"password" : "root123",
"database" : "hdfsJmx"
}
]
}
]
}
]
}
