{
  "servers" : [ {
	"port" : "40001",
	"host" : "172.18.2.37",
	"queries" : [ {
	  "obj" : "org.apache.ZooKeeperService:name0=ReplicatedServer_id*",
	  "attr" : [ "QuorumSize" ],
	  "resultAlias":"QuorumSize",
	  "outputWriters" : [ {
		"@class" : "com.googlecode.jmxtrans.model.output.InfluxDbWriterFactory",
		"url" : "http://172.18.2.29:8086/",
		"username" : "root",
		"password" : "root123",
		"database" : "zkJmx" 
		} ] } , {
	  "obj" : "org.apache.ZooKeeperService:name0=ReplicatedServer_id*,name1=replica.*,name2=*",
	  "attr" : [ "AvgRequestLatency","MaxRequestLatency","MinRequestLatency","NumAliveConnections","OutstandingRequests","PacketsReceived","PacketsSent"],
	  "resultAlias":"LFStatus",
	  "outputWriters" : [ {
		"@class" : "com.googlecode.jmxtrans.model.output.InfluxDbWriterFactory",
		"url" : "http://172.18.2.29:8086/",
		"username" : "root",
		"password" : "root123",
		"database" : "zkJmx" 
		} ] } , {
	  "obj" : "org.apache.ZooKeeperService:name0=ReplicatedServer_id*,name1=replica.*,name2=*,name3=InMemoryDataTree",
	  "attr" : [ "NodeCount","WatchCount"],
	  "resultAlias":"InMemoryDataTree",
	  "outputWriters" : [ {
		"@class" : "com.googlecode.jmxtrans.model.output.InfluxDbWriterFactory",
		"url" : "http://172.18.2.29:8086/",
		"username" : "root",
		"password" : "root123",
		"database" : "zkJmx" 
		} ] } 
	]
  } ],
  
    "servers" : [ {
	"port" : "40001",
	"host" : "172.18.2.29",
	"queries" : [ {
	  "obj" : "org.apache.ZooKeeperService:name0=ReplicatedServer_id*",
	  "attr" : [ "QuorumSize" ],
	  "resultAlias":"QuorumSize",
	  "outputWriters" : [ {
		"@class" : "com.googlecode.jmxtrans.model.output.InfluxDbWriterFactory",
		"url" : "http://172.18.2.29:8086/",
		"username" : "root",
		"password" : "root123",
		"database" : "zkJmx" 
		} ] } , {
	  "obj" : "org.apache.ZooKeeperService:name0=ReplicatedServer_id*,name1=replica.*,name2=*",
	  "attr" : [ "AvgRequestLatency","MaxRequestLatency","MinRequestLatency","NumAliveConnections","OutstandingRequests","PacketsReceived","PacketsSent"],
	  "resultAlias":"LFStatus",
	  "outputWriters" : [ {
		"@class" : "com.googlecode.jmxtrans.model.output.InfluxDbWriterFactory",
		"url" : "http://172.18.2.29:8086/",
		"username" : "root",
		"password" : "root123",
		"database" : "zkJmx" 
		} ] } , {
	  "obj" : "org.apache.ZooKeeperService:name0=ReplicatedServer_id*,name1=replica.*,name2=*,name3=InMemoryDataTree",
	  "attr" : [ "NodeCount","WatchCount"],
	  "resultAlias":"InMemoryDataTree",
	  "outputWriters" : [ {
		"@class" : "com.googlecode.jmxtrans.model.output.InfluxDbWriterFactory",
		"url" : "http://172.18.2.29:8086/",
		"username" : "root",
		"password" : "root123",
		"database" : "zkJmx" 
		} ] } 
	]
  } ],
  
    "servers" : [ {
	"port" : "40001",
	"host" : "172.18.2.11",
	"queries" : [ {
	  "obj" : "org.apache.ZooKeeperService:name0=ReplicatedServer_id*",
	  "attr" : [ "QuorumSize" ],
	  "resultAlias":"QuorumSize",
	  "outputWriters" : [ {
		"@class" : "com.googlecode.jmxtrans.model.output.InfluxDbWriterFactory",
		"url" : "http://172.18.2.29:8086/",
		"username" : "root",
		"password" : "root123",
		"database" : "zkJmx" 
		} ] } , {
	  "obj" : "org.apache.ZooKeeperService:name0=ReplicatedServer_id*,name1=replica.*,name2=*",
	  "attr" : [ "AvgRequestLatency","MaxRequestLatency","MinRequestLatency","NumAliveConnections","OutstandingRequests","PacketsReceived","PacketsSent"],
	  "resultAlias":"LFStatus",
	  "outputWriters" : [ {
		"@class" : "com.googlecode.jmxtrans.model.output.InfluxDbWriterFactory",
		"url" : "http://172.18.2.29:8086/",
		"username" : "root",
		"password" : "root123",
		"database" : "zkJmx" 
		} ] } , {
	  "obj" : "org.apache.ZooKeeperService:name0=ReplicatedServer_id*,name1=replica.*,name2=*,name3=InMemoryDataTree",
	  "attr" : [ "NodeCount","WatchCount"],
	  "resultAlias":"InMemoryDataTree",
	  "outputWriters" : [ {
		"@class" : "com.googlecode.jmxtrans.model.output.InfluxDbWriterFactory",
		"url" : "http://172.18.2.29:8086/",
		"username" : "root",
		"password" : "root123",
		"database" : "zkJmx" 
		} ] } 
	]
  } ]
  
}
		
